"ori","scraper","last_attempt","last_success","duration","overall_from","data_from","data_to","status"
"AR0600200","AR0600200","2026-02-16","2026-01-27","2","2017-01","2025-01","2025-12","bad"
"AZ0030100","AZ","2026-02-16","2026-02-16","84","2017-01","2025-02","2026-01","good"
"AZ0070100","AZ","2026-02-16","2026-02-16","84","2017-01","2025-02","2026-01","good"
"AZ0070300","AZ","2026-02-16","2026-02-16","84","2017-01","2025-02","2026-01","good"
"AZ0070500","AZ","2026-02-16","2026-02-16","84","2017-01","2025-02","2026-01","good"
"AZ0071100","AZ","2026-02-16","2026-02-16","84","2017-01","2025-02","2026-01","good"
"AZ0071300","AZ","2026-02-16","2026-02-16","84","2017-01","2025-02","2026-01","good"
"AZ0071500","AZ","2026-02-16","2026-02-16","84","2017-01","2025-02","2026-01","good"
"AZ0071700","AZ","2026-02-16","2026-02-16","84","2017-01","2025-02","2026-01","good"
"AZ0072100","AZ","2026-02-16","2026-02-16","84","2017-01","2025-02","2026-01","good"
"AZ0072300","AZ0072300","2026-02-16","2026-02-16","47","2017-01","2025-01","2025-12","good"
"AZ0072500","AZ","2026-02-16","2026-02-16","84","2017-01","2025-02","2026-01","good"
"AZ0072700","AZ","2026-02-16","2026-02-16","84","2017-01","2025-02","2026-01","good"
"AZ0072900","AZ","2026-02-16","2026-02-16","84","2017-01","2025-02","2026-01","good"
"AZ0080400","AZ","2026-02-16","2026-02-16","84","2017-01","2025-02","2026-01","good"
"AZ0100000","AZ","2026-02-16","2026-02-16","84","2017-01","2025-02","2026-01","good"
"AZ0100300","AZ0100300","2026-02-16","2026-02-16","4","2018-01","2024-04","2026-01","good"
"AZ0100900","AZ","2026-02-16","2026-02-16","84","2017-01","2025-02","2026-01","good"
"AZ0110000","AZ","2026-02-16","2026-02-16","84","2017-01","2025-02","2026-01","good"
"AZ0110100","AZ","2026-02-16","2026-02-16","84","2017-01","2025-02","2026-01","good"
"AZ0111700","AZ","2026-02-16","2026-02-16","84","2017-01","2025-02","2026-01","good"
"AZ0130000","AZ","2026-02-16","2026-02-16","84","2024-10","2025-02","2026-01","good"
"AZ0131100","AZ","2026-02-16","2026-02-16","84","2017-01","2025-02","2026-01","good"
"AZ0140500","AZ","2026-02-16","2026-02-16","84","2017-01","2025-02","2026-01","good"
"CA0070100","CA0070100","2026-02-16","2026-01-27","2","2017-01","2025-01","2025-12","bad"
"CA0070400","CA0070400","2026-02-16","2026-02-16","2","2022-01","2025-01","2025-12","good"
"CA0071000","CA0071000","2026-02-16","2026-02-16","73","2023-01","2025-01","2025-12","good"
"CA0190000","CA0190000","2026-02-16","2026-02-16","6","2017-01","2025-02","2026-01","good"
"CA0190100","CA0190100","2026-02-16","2026-01-27","2","2022-01","2025-01","2025-11","bad"
"CA0192500","CA0192500","2026-02-16","","136","","","","bad"
"CA0194100","CA0194100","2026-02-16","2026-02-16","1,585","2017-01","2024-11","2025-10","good"
"CA0302400","CA0302400","2026-02-16","2026-02-16","2","2017-01","2025-01","2025-12","good"
"CA0331300","CA0331300","2026-02-16","2026-02-14","2","2021-01","2025-02","2026-01","bad"
"CA0370000","CA","2026-02-16","2026-02-16","22","2017-01","2025-01","2025-12","good"
"CA0370100","CA","2026-02-16","2026-02-16","22","2017-01","2025-01","2025-12","good"
"CA0370200","CA","2026-02-16","2026-02-16","22","2017-01","2025-01","2025-12","good"
"CA0370500","CA","2026-02-16","2026-02-16","22","2017-01","2025-01","2025-12","good"
"CA0370600","CA","2026-02-16","2026-02-16","22","2017-01","2025-01","2025-12","good"
"CA0370800","CA","2026-02-16","2026-02-16","22","2017-01","2025-01","2025-12","good"
"CA0370900","CA","2026-02-16","2026-02-16","22","2017-01","2025-01","2025-12","good"
"CA0371000","CA","2026-02-16","2026-02-16","22","2017-01","2025-01","2025-12","good"
"CA0371100","CA","2026-02-16","2026-02-16","22","2017-01","2025-01","2025-12","good"
"CA0390500","CA0390500","2026-02-16","2026-02-16","283","2017-01","2024-11","2025-10","good"
"CA0390600","CA0390600","2026-02-16","2026-02-16","187","2023-01","2025-02","2026-01","good"
"CO0010000","CO","2026-02-16","2026-01-27","144","2017-01","2025-01","2025-12","bad"
"CO0010100","CO","2026-02-16","2026-01-27","144","2017-01","2025-01","2025-12","bad"
"CO0010300","CO","2026-02-16","2026-01-27","144","2017-01","2025-01","2025-12","bad"
"CO0010400","CO","2026-02-16","2026-01-27","144","2017-01","2025-01","2025-12","bad"
"CO0010500","CO","2026-02-16","2026-01-27","144","2017-01","2025-01","2025-12","bad"
"CO0030000","CO","2026-02-16","2026-01-27","144","2017-01","2025-01","2025-12","bad"
"CO0031100","CO","2026-02-16","2026-01-27","144","2017-01","2025-01","2025-12","bad"
"CO0070100","CO","2026-02-16","2026-01-27","144","2017-01","2025-01","2025-12","bad"
"CO0070400","CO","2026-02-16","2026-01-27","144","2017-01","2025-01","2025-12","bad"
"CO0180000","CO","2026-02-16","2026-01-27","144","2017-01","2025-01","2025-12","bad"
"CO0180100","CO","2026-02-16","2026-01-27","144","2017-01","2025-01","2025-12","bad"
"CO0180500","CO","2026-02-16","2026-01-27","144","2017-01","2025-01","2025-12","bad"
"CO0210000","CO","2026-02-16","2026-01-27","144","2017-01","2025-01","2025-12","bad"
"CO0210100","CO","2026-02-16","2026-01-27","144","2017-01","2025-01","2025-12","bad"
"CO0300000","CO","2026-02-16","2026-01-27","144","2017-01","2025-01","2025-12","bad"
"CO0300100","CO","2026-02-16","2026-01-27","144","2017-01","2025-01","2025-12","bad"
"CO0300400","CO","2026-02-16","2026-01-27","144","2017-01","2025-01","2025-12","bad"
"CO0350300","CO","2026-02-16","2026-01-27","144","2017-01","2025-01","2025-12","bad"
"CO0350400","CO","2026-02-16","2026-01-27","144","2017-01","2025-01","2025-12","bad"
"CO0390100","CO","2026-02-16","2026-01-27","144","2017-01","2025-01","2025-12","bad"
"CO0510100","CO","2026-02-16","2026-01-27","144","2017-01","2025-01","2025-12","bad"
"CO0620200","CO","2026-02-16","2026-01-27","144","2017-01","2025-01","2025-12","bad"
"CO0640100","CO","2026-02-16","2026-01-27","144","2017-01","2025-01","2025-12","bad"
"CODPD0000","CO","2026-02-16","2026-01-27","144","2017-01","2025-01","2025-12","bad"
"CT0001500","CT","2026-02-16","2026-02-16","92","2017-01","2025-02","2026-01","good"
"CT0001700","CT","2026-02-16","2026-02-16","92","2017-01","2025-02","2026-01","good"
"CT0003400","CT","2026-02-16","2026-02-16","92","2017-01","2025-02","2026-01","good"
"CT0004300","CT","2026-02-16","2026-02-16","92","2017-01","2025-02","2026-01","good"
"CT0005100","CT","2026-02-16","2026-02-16","92","2017-01","2025-02","2026-01","good"
"CT0005700","CT","2026-02-16","2026-02-16","92","2017-01","2025-02","2026-01","good"
"CT0006200","CT","2026-02-16","2026-02-16","92","2017-01","2025-02","2026-01","good"
"CT0006400","CT","2026-02-16","2026-02-16","92","2017-01","2025-02","2026-01","good"
"CT0007700","CT","2026-02-16","2026-02-16","92","2017-01","2025-02","2026-01","good"
"CT0008000","CT","2026-02-16","2026-02-16","92","2017-01","2025-02","2026-01","good"
"CT0008400","CT","2026-02-16","2026-02-16","92","2017-01","2025-02","2026-01","good"
"CT0008900","CT","2026-02-16","2026-02-16","92","2017-01","2025-02","2026-01","good"
"CT0009300","CT","2026-02-16","2026-02-16","92","2017-01","2025-02","2026-01","good"
"CT0010300","CT","2026-02-16","2026-02-16","92","2017-01","2025-02","2026-01","good"
"CT0013500","CT","2026-02-16","2026-02-16","92","2017-01","2025-02","2026-01","good"
"CT0013800","CT","2026-02-16","2026-02-16","92","2017-01","2025-02","2026-01","good"
"CT0015100","CT","2026-02-16","2026-02-16","92","2017-01","2025-02","2026-01","good"
"CT0015500","CT","2026-02-16","2026-02-16","92","2017-01","2025-02","2026-01","good"
"CT0015600","CT","2026-02-16","2026-02-16","92","2017-01","2025-02","2026-01","good"
"DCMPD0000","DCMPD0000","2026-02-16","2026-02-16","10","2017-01","2025-02","2026-01","good"
"FL0130700","FL0130700","2026-02-16","","2","","","","bad"
"GAAPD0000","GAAPD0000","2026-02-16","2026-02-16","42","2021-01","2025-02","2026-01","good"
"ID0010000","ID","2026-02-16","2026-02-16","32","2017-01","2025-02","2026-01","good"
"ID0010100","ID","2026-02-16","2026-02-16","32","2017-01","2025-02","2026-01","good"
"ID0010300","ID","2026-02-16","2026-02-16","32","2017-01","2025-02","2026-01","good"
"ID0030200","ID","2026-02-16","2026-02-16","32","2017-01","2025-02","2026-01","good"
"ID0100200","ID","2026-02-16","2026-02-16","32","2017-01","2025-02","2026-01","good"
"ID0140100","ID","2026-02-16","2026-02-16","32","2017-01","2025-02","2026-01","good"
"ID0140200","ID","2026-02-16","2026-02-16","32","2017-01","2025-02","2026-01","good"
"ID0280100","ID","2026-02-16","2026-02-16","32","2017-01","2025-02","2026-01","good"
"ID0420200","ID","2026-02-16","2026-02-16","32","2017-01","2025-02","2026-01","good"
"IL0100100","IL","2026-02-16","2026-02-16","146","2017-01","2025-02","2026-01","good"
"IL0160200","IL","2026-02-16","2026-02-16","146","2017-01","2025-02","2026-01","good"
"IL0162100","IL","2026-02-16","2026-02-16","146","2017-01","2025-02","2026-01","good"
"IL0162500","IL","2026-02-16","2026-02-16","146","2017-01","2025-02","2026-01","good"
"IL0162A00","IL","2026-02-16","2026-02-16","146","2017-01","2025-02","2026-01","good"
"IL0163200","IL","2026-02-16","2026-02-16","146","2017-01","2025-02","2026-01","good"
"IL0164A00","IL","2026-02-16","2026-02-16","146","2017-01","2025-02","2026-01","good"
"IL0165M00","IL","2026-02-16","2026-02-16","146","2017-01","2025-02","2026-01","good"
"IL0167200","IL","2026-02-16","2026-02-16","146","2017-01","2025-02","2026-01","good"
"IL0168000","IL","2026-02-16","2026-02-16","146","2017-01","2025-02","2026-01","good"
"IL0168400","IL","2026-02-16","2026-02-16","146","2017-01","2025-02","2026-01","good"
"IL0220000","IL","2026-02-16","2026-02-16","146","2024-10","2025-02","2026-01","good"
"IL0570200","IL","2026-02-16","2026-02-16","146","2017-01","2025-02","2026-01","good"
"IL0580200","IL","2026-02-16","2026-02-16","146","2017-01","2025-02","2026-01","good"
"IL0840200","IL","2026-02-16","2026-02-16","146","2017-01","2025-02","2026-01","good"
"IL0990000","IL","2026-02-16","2026-02-16","146","2017-01","2025-02","2026-01","good"
"IL0990200","IL","2026-02-16","2026-02-16","146","2017-01","2025-02","2026-01","good"
"IL1010400","IL","2026-02-16","2026-02-16","146","2017-01","2025-02","2026-01","good"
"ILCPD0000","ILCPD0000","2026-02-16","2026-02-16","40","2017-01","2025-02","2026-01","good"
"KY0340200","KY0340200","2026-02-16","2026-02-16","2","2017-01","2022-01","2022-12","good"
"KY0568000","KY0568000","2026-02-16","2026-01-27","1","2017-01","2025-01","2025-12","bad"
"LA0170000","LA0170000","2026-02-16","2026-02-16","27","2018-01","2025-02","2026-01","good"
"LA0170200","LA0170200","2026-02-16","2026-02-16","14","2019-10","2025-02","2026-01","good"
"LANPD0000","LANPD0000","2026-02-16","2026-02-16","72","2017-01","2024-12","2025-11","good"
"MA0010100","MA","2026-02-16","","5","","","","bad"
"MA0022200","MA","2026-02-16","","5","","","","bad"
"MA0030800","MA","2026-02-16","","5","","","","bad"
"MA0031100","MA","2026-02-16","","5","","","","bad"
"MA0031900","MA","2026-02-16","","5","","","","bad"
"MA0051100","MA","2026-02-16","","5","","","","bad"
"MA0051300","MA","2026-02-16","","5","","","","bad"
"MA0051400","MA","2026-02-16","","5","","","","bad"
"MA0051900","MA","2026-02-16","","5","","","","bad"
"MA0052500","MA","2026-02-16","","5","","","","bad"
"MA0070500","MA","2026-02-16","","5","","","","bad"
"MA0071800","MA","2026-02-16","","5","","","","bad"
"MA0091100","MA","2026-02-16","","5","","","","bad"
"MA0091700","MA","2026-02-16","","5","","","","bad"
"MA0091800","MA","2026-02-16","","5","","","","bad"
"MA0092600","MA","2026-02-16","","5","","","","bad"
"MA0092700","MA","2026-02-16","","5","","","","bad"
"MA0093000","MA","2026-02-16","","5","","","","bad"
"MA0093300","MA","2026-02-16","","5","","","","bad"
"MA0093900","MA","2026-02-16","","5","","","","bad"
"MA0094700","MA","2026-02-16","","5","","","","bad"
"MA0110400","MA","2026-02-16","","5","","","","bad"
"MA0112000","MA","2026-02-16","","5","","","","bad"
"MA0112700","MA","2026-02-16","","5","","","","bad"
"MA0120300","MA","2026-02-16","","5","","","","bad"
"MA0122000","MA","2026-02-16","","5","","","","bad"
"MA0130100","MA","2026-02-16","","5","","","","bad"
"MA0130400","MA","2026-02-16","","5","","","","bad"
"MA0146000","MA","2026-02-16","","5","","","","bad"
"MD0160400","MD0160400","2026-02-16","","90","","","","bad"
"MD0172100","MD0172100","2026-02-16","2026-02-16","2","2017-02","2025-02","2026-01","good"
"MDBPD0000","MDBPD0000","2026-02-16","2026-02-16","22","2022-01","2025-02","2026-01","good"
"MI4143600","MI4143600","2026-02-16","","1","","","","bad"
"MI8234900","MI8234900","2026-02-16","2026-02-16","12","2017-01","2025-02","2026-01","good"
"MN0020200","MN","2026-02-16","2026-02-16","2,794","2021-01","2025-01","2026-01","good"
"MN0020500","MN","2026-02-16","2026-02-16","2,794","2021-01","2025-01","2026-01","good"
"MN0190100","MN","2026-02-16","2026-02-16","2,794","2021-01","2025-01","2026-01","good"
"MN0190800","MN","2026-02-16","2026-02-16","2,794","2021-01","2025-01","2026-01","good"
"MN0191000","MN","2026-02-16","2026-02-16","2,794","2021-01","2025-01","2026-01","good"
"MN0191100","MN","2026-02-16","2026-02-16","2,794","2021-01","2025-01","2026-01","good"
"MN0270100","MN","2026-02-16","2026-02-16","2,794","2021-01","2025-01","2026-01","good"
"MN0270300","MN","2026-02-16","2026-02-16","2,794","2021-01","2025-01","2026-01","good"
"MN0270600","MN","2026-02-16","2026-02-16","2,794","2021-01","2025-01","2026-01","good"
"MN0271100","MN","2026-02-16","2026-02-16","2,794","2021-01","2025-01","2026-01","good"
"MN0271200","MN","2026-02-16","2026-02-16","2,794","2021-01","2025-01","2026-01","good"
"MN0271700","MN","2026-02-16","2026-02-16","2,794","2021-01","2025-01","2026-01","good"
"MN0272600","MN","2026-02-16","2026-02-16","2,794","2021-01","2025-01","2026-01","good"
"MN0272700","MN","2026-02-16","2026-02-16","2,794","2021-01","2025-01","2026-01","good"
"MN0550100","MN","2026-02-16","2026-02-16","2,794","2021-01","2025-01","2026-01","good"
"MN0620900","MN","2026-02-16","2026-02-16","2,794","2021-01","2025-01","2026-01","good"
"MN0690600","MN","2026-02-16","2026-02-16","2,794","2021-01","2025-01","2026-01","good"
"MN0730400","MN","2026-02-16","2026-02-16","2,794","2021-01","2025-01","2026-01","good"
"MN0821100","MN","2026-02-16","2026-02-16","2,794","2021-01","2025-01","2026-01","good"
"MN0860000","MN","2026-02-16","2026-02-16","2,794","2021-01","2025-01","2026-01","good"
"MO0100200","MO","2026-02-16","2026-02-16","130","2017-01","2025-02","2026-01","good"
"MO0110100","MO","2026-02-16","2026-02-16","130","2017-01","2025-02","2026-01","good"
"MO0390300","MO","2026-02-16","2026-02-16","130","2017-01","2025-02","2026-01","good"
"MO0480100","MO","2026-02-16","2026-02-16","130","2017-01","2025-02","2026-01","good"
"MO0480600","MO","2026-02-16","2026-02-16","130","2017-01","2025-02","2026-01","good"
"MO0480800","MO","2026-02-16","2026-02-16","130","2017-01","2025-02","2026-01","good"
"MO0490700","MO","2026-02-16","2026-02-16","130","2017-01","2025-02","2026-01","good"
"MO0500000","MO","2026-02-16","2026-02-16","130","2017-01","2025-02","2026-01","good"
"MO0920100","MO","2026-02-16","2026-02-16","130","2017-01","2025-02","2026-01","good"
"MO0920300","MO","2026-02-16","2026-02-16","130","2017-01","2025-02","2026-01","good"
"MO0920400","MO","2026-02-16","2026-02-16","130","2017-01","2025-02","2026-01","good"
"MO0922400","MO","2026-02-16","2026-02-16","130","2017-01","2025-02","2026-01","good"
"MO0950000","MO","2026-02-16","2026-02-16","130","2017-01","2025-02","2026-01","good"
"MO0953000","MO","2026-02-16","2026-02-16","130","2017-01","2025-02","2026-01","good"
"MOKPD0000","MO","2026-02-16","2026-02-16","130","2017-01","2025-02","2026-01","good"
"MOSPD0000","MO","2026-02-16","2026-02-16","130","2017-01","2025-02","2026-01","good"
"MS0170100","MS","2026-02-16","2026-02-16","232","2017-01","2025-02","2026-01","good"
"NB0280000","NE","2026-02-16","2026-02-14","387","2024-10","2025-02","2026-01","bad"
"NB0400100","NE","2026-02-16","2026-02-14","387","2017-01","2025-02","2026-01","bad"
"NB0550100","NE","2026-02-16","2026-02-14","387","2017-01","2025-02","2026-01","bad"
"NB0770000","NE","2026-02-16","2026-02-14","387","2024-10","2025-02","2026-01","bad"
"NB0770100","NE","2026-02-16","2026-02-14","387","2017-01","2025-02","2026-01","bad"
"ND0080100","ND","2026-02-16","2026-02-16","686","2017-01","2025-02","2026-01","good"
"ND0090200","ND","2026-02-16","2026-02-16","686","2017-01","2025-02","2026-01","good"
"ND0180100","ND","2026-02-16","2026-02-16","686","2017-01","2025-02","2026-01","good"
"NH0064600","NH","2026-02-16","","1","","","","bad"
"NJ0090800","NJ0090800","2026-02-16","2025-07-30","3","2017-01","2024-06","2025-05","bad"
"NM0010100","NM0010100","2026-02-16","2025-12-12","2","2025-01","2025-01","2025-11","bad"
"NM0260100","NM0260100","2026-02-16","2025-12-03","4","2024-01","2024-12","2025-11","bad"
"NV0020100","NV0020100","2026-02-16","2026-02-16","7","2023-01","2025-02","2026-01","good"
"NV0020200","NV","2026-02-16","2026-02-16","75","2017-01","2025-02","2026-01","good"
"NV0020300","NV","2026-02-16","2026-02-16","75","2017-01","2025-02","2026-01","good"
"NV0160000","NV","2026-02-16","2026-02-16","75","2017-01","2025-02","2026-01","good"
"NV0160100","NV","2026-02-16","2026-02-16","75","2017-01","2025-02","2026-01","good"
"NV0160200","NV","2026-02-16","2026-02-16","75","2017-01","2025-02","2026-01","good"
"NY0140100","NY0140100","2026-02-16","2026-02-16","2","2017-01","2025-02","2026-01","good"
"NY0270100","NY0270100","2026-02-16","2026-02-16","4","2017-01","2025-02","2026-01","good"
"NY0303000","NY0303000","2026-02-16","","3,248","","","","bad"
"NY0590300","NY0590300","2026-02-16","2026-02-16","197","2019-04","2024-12","2025-11","good"
"OK0140200","OK0140200","2026-02-16","2026-02-16","4","2017-01","2025-01","2025-12","good"
"OR0020100","OR","2026-02-16","2026-02-16","155","2020-01","2024-12","2025-11","good"
"OR0030000","OR","2026-02-16","2026-02-16","155","2020-01","2024-12","2025-11","good"
"OR0090100","OR","2026-02-16","2026-02-16","155","2020-01","2024-12","2025-11","good"
"OR0150400","OR","2026-02-16","2026-02-16","155","2020-01","2024-12","2025-11","good"
"OR0200200","OR","2026-02-16","2026-02-16","155","2020-01","2024-12","2025-11","good"
"OR0200600","OR","2026-02-16","2026-02-16","155","2020-01","2024-12","2025-11","good"
"OR0220100","OR","2026-02-16","2026-02-16","155","2020-01","2024-12","2025-11","good"
"OR0240000","OR","2026-02-16","2026-02-16","155","2024-10","2024-12","2025-11","good"
"OR0240200","OR","2026-02-16","2026-02-16","155","2020-01","2024-12","2025-11","good"
"OR0260100","OR","2026-02-16","2026-02-16","155","2020-01","2024-12","2025-11","good"
"OR0340000","OR","2026-02-16","2026-02-16","155","2020-01","2024-12","2025-11","good"
"OR0340100","OR","2026-02-16","2026-02-16","155","2020-01","2024-12","2025-11","good"
"OR0340300","OR","2026-02-16","2026-02-16","155","2020-01","2024-12","2025-11","good"
"OR0340400","OR","2026-02-16","2026-02-16","155","2020-01","2024-12","2025-11","good"
"PA0061400","PA","2026-02-16","2026-02-16","60","2017-01","2025-02","2026-01","good"
"PA0090100","PA","2026-02-16","2026-02-16","60","2017-01","2025-02","2026-01","good"
"PA0140300","PA","2026-02-16","2026-02-16","60","2017-01","2025-02","2026-01","good"
"PA0220200","PA","2026-02-16","2026-02-16","60","2017-01","2025-02","2026-01","good"
"PA0220400","PA","2026-02-16","2026-02-16","60","2017-01","2025-02","2026-01","good"
"PA0231400","PA","2026-02-16","2026-02-16","60","2017-01","2025-02","2026-01","good"
"PA0233700","PA","2026-02-16","2026-02-16","60","2017-01","2025-02","2026-01","good"
"PA0250200","PA","2026-02-16","2026-02-16","60","2017-01","2025-02","2026-01","good"
"PA0250300","PA","2026-02-16","2026-02-16","60","2017-01","2025-02","2026-01","good"
"PA0350400","PA","2026-02-16","2026-02-16","60","2017-01","2025-02","2026-01","good"
"PA0360500","PA","2026-02-16","2026-02-16","60","2017-01","2025-02","2026-01","good"
"PA0390100","PA","2026-02-16","2026-02-16","60","2017-01","2025-02","2026-01","good"
"PA0460100","PA","2026-02-16","2026-02-16","60","2017-01","2025-02","2026-01","good"
"PA0461400","PA","2026-02-16","2026-02-16","60","2017-01","2025-02","2026-01","good"
"PA0480300","PA","2026-02-16","2026-02-16","60","2017-01","2025-02","2026-01","good"
"PAPEP0000","PA","2026-02-16","2026-02-16","60","2017-01","2025-02","2026-01","good"
"PAPPD0000","PAPPD0000","2026-02-16","2025-10-16","1","2024-06","2024-10","2025-09","bad"
"RI0020300","RI","2026-02-16","2026-02-16","16","2017-01","2025-02","2026-01","good"
"RI0040200","RI","2026-02-16","2026-02-16","16","2017-01","2025-02","2026-01","good"
"RI0040800","RI","2026-02-16","2026-02-16","16","2017-01","2025-02","2026-01","good"
"RI0040900","RI","2026-02-16","2026-02-16","16","2017-01","2025-02","2026-01","good"
"SD0490200","SD","2026-02-16","2026-02-16","11","2017-01","2025-02","2026-01","good"
"SD0510100","SD","2026-02-16","2026-02-16","11","2017-01","2025-02","2026-01","good"
"TX0140400","TX","2026-02-16","2026-02-16","126","2017-01","2025-02","2026-01","good"
"TX0140700","TX","2026-02-16","2026-02-16","126","2017-01","2025-02","2026-01","good"
"TX0150000","TX","2026-02-16","2026-02-16","126","2017-01","2025-02","2026-01","good"
"TX0200000","TX","2026-02-16","2026-02-16","126","2017-01","2025-02","2026-01","good"
"TX0201000","TX","2026-02-16","2026-02-16","126","2017-01","2025-02","2026-01","good"
"TX0210200","TX","2026-02-16","2026-02-16","126","2017-01","2025-02","2026-01","good"
"TX0310000","TX","2026-02-16","2026-02-16","126","2024-10","2025-02","2026-01","good"
"TX0310100","TX","2026-02-16","2026-02-16","126","2017-01","2025-02","2026-01","good"
"TX0310300","TX","2026-02-16","2026-02-16","126","2017-01","2025-02","2026-01","good"
"TX0430000","TX","2026-02-16","2026-02-16","126","2024-10","2025-02","2026-01","good"
"TX0430100","TX","2026-02-16","2026-02-16","126","2017-01","2025-02","2026-01","good"
"TX0430400","TX","2026-02-16","2026-02-16","126","2017-01","2025-02","2026-01","good"
"TX0430500","TX","2026-02-16","2026-02-16","126","2017-01","2025-02","2026-01","good"
"TX0430600","TX","2026-02-16","2026-02-16","126","2017-01","2025-02","2026-01","good"
"TX0430800","TX","2026-02-16","2026-02-16","126","2017-01","2025-02","2026-01","good"
"TX0460000","TX","2026-02-16","2026-02-16","126","2024-10","2025-02","2026-01","good"
"TX0460100","TX","2026-02-16","2026-02-16","126","2017-01","2025-02","2026-01","good"
"TX0570400","TX","2026-02-16","2026-02-16","126","2017-01","2025-02","2026-01","good"
"TX0570800","TX","2026-02-16","2026-02-16","126","2017-01","2025-02","2026-01","good"
"TX0571100","TX","2026-02-16","2026-02-16","126","2017-01","2025-02","2026-01","good"
"TX0571200","TX","2026-02-16","2026-02-16","126","2017-01","2025-02","2026-01","good"
"TX0571500","TX","2026-02-16","2026-02-16","126","2017-01","2025-02","2026-01","good"
"TX0571800","TX","2026-02-16","2026-02-16","126","2017-01","2025-02","2026-01","good"
"TX0572000","TX","2026-02-16","2026-02-16","126","2017-01","2025-02","2026-01","good"
"TX0573300","TX","2026-02-16","2026-02-16","126","2017-01","2025-02","2026-01","good"
"TX0610000","TX","2026-02-16","2026-02-16","126","2017-01","2025-02","2026-01","good"
"TX0610200","TX","2026-02-16","2026-02-16","126","2017-01","2025-02","2026-01","good"
"TX0610600","TX","2026-02-16","2026-02-16","126","2017-01","2025-02","2026-01","good"
"TX0611200","TX","2026-02-16","2026-02-16","126","2017-01","2025-02","2026-01","good"
"TX0611300","TX","2026-02-16","2026-02-16","126","2017-01","2025-02","2026-01","good"
"TX0680200","TX","2026-02-16","2026-02-16","126","2017-01","2025-02","2026-01","good"
"TX0710000","TX","2026-02-16","2026-02-16","126","2017-01","2025-02","2026-01","good"
"TX0710200","TX","2026-02-16","2026-02-16","126","2017-01","2025-02","2026-01","good"
"TX0790000","TX","2026-02-16","2026-02-16","126","2017-01","2025-02","2026-01","good"
"TX0790100","TX","2026-02-16","2026-02-16","126","2017-01","2025-02","2026-01","good"
"TX0790500","TX","2026-02-16","2026-02-16","126","2017-01","2025-02","2026-01","good"
"TX0840400","TX","2026-02-16","2026-02-16","126","2017-01","2025-02","2026-01","good"
"TX0840800","TX","2026-02-16","2026-02-16","126","2017-01","2025-02","2026-01","good"
"TX0840900","TX","2026-02-16","2026-02-16","126","2017-01","2025-02","2026-01","good"
"TX0920500","TX","2026-02-16","2026-02-16","126","2017-01","2025-02","2026-01","good"
"TX1010000","TX","2026-02-16","2026-02-16","126","2017-01","2025-02","2026-01","good"
"TX1010100","TX","2026-02-16","2026-02-16","126","2017-01","2025-02","2026-01","good"
"TX1011500","TX","2026-02-16","2026-02-16","126","2017-01","2025-02","2026-01","good"
"TX1050000","TX","2026-02-16","2026-02-16","126","2017-01","2025-02","2026-01","good"
"TX1050100","TX","2026-02-16","2026-02-16","126","2017-01","2025-02","2026-01","good"
"TX1050700","TX","2026-02-16","2026-02-16","126","2017-01","2025-02","2026-01","good"
"TX1080000","TX","2026-02-16","2026-02-16","126","2017-01","2025-02","2026-01","good"
"TX1080400","TX","2026-02-16","2026-02-16","126","2017-01","2025-02","2026-01","good"
"TX1080800","TX","2026-02-16","2026-02-16","126","2017-01","2025-02","2026-01","good"
"TX1081000","TX","2026-02-16","2026-02-16","126","2017-01","2025-02","2026-01","good"
"TX1081100","TX","2026-02-16","2026-02-16","126","2017-01","2025-02","2026-01","good"
"TX1230100","TX","2026-02-16","2026-02-16","126","2017-01","2025-02","2026-01","good"
"TX1230700","TX","2026-02-16","2026-02-16","126","2017-01","2025-02","2026-01","good"
"TX1260200","TX","2026-02-16","2026-02-16","126","2017-01","2025-02","2026-01","good"
"TX1290000","TX","2026-02-16","2026-02-16","126","2017-01","2025-02","2026-01","good"
"TX1520200","TX","2026-02-16","2026-02-16","126","2017-01","2025-02","2026-01","good"
"TX1551200","TX","2026-02-16","2026-02-16","126","2017-01","2025-02","2026-01","good"
"TX1650100","TX","2026-02-16","2026-02-16","126","2017-01","2025-02","2026-01","good"
"TX1700000","TX","2026-02-16","2026-02-16","126","2017-01","2025-02","2026-01","good"
"TX1700100","TX","2026-02-16","2026-02-16","126","2017-01","2025-02","2026-01","good"
"TX1780200","TX","2026-02-16","2026-02-16","126","2017-01","2025-02","2026-01","good"
"TX1840000","TX","2026-02-16","2026-02-16","126","2017-01","2025-02","2026-01","good"
"TX1880100","TX","2026-02-16","2026-02-16","126","2017-01","2025-02","2026-01","good"
"TX1990100","TX","2026-02-16","2026-02-16","126","2017-01","2025-02","2026-01","good"
"TX2120000","TX","2026-02-16","2026-02-16","126","2017-01","2025-02","2026-01","good"
"TX2120400","TX","2026-02-16","2026-02-16","126","2017-01","2025-02","2026-01","good"
"TX2200100","TX","2026-02-16","2026-02-16","126","2017-01","2025-02","2026-01","good"
"TX2200900","TX","2026-02-16","2026-02-16","126","2017-01","2025-02","2026-01","good"
"TX2201200","TX","2026-02-16","2026-02-16","126","2017-01","2025-02","2026-01","good"
"TX2201300","TX","2026-02-16","2026-02-16","126","2017-01","2025-02","2026-01","good"
"TX2202000","TX","2026-02-16","2026-02-16","126","2017-01","2025-02","2026-01","good"
"TX2202100","TX","2026-02-16","2026-02-16","126","2017-01","2025-02","2026-01","good"
"TX2210100","TX","2026-02-16","2026-02-16","126","2017-01","2025-02","2026-01","good"
"TX2260100","TX","2026-02-16","2026-02-16","126","2017-01","2025-02","2026-01","good"
"TX2270000","TX","2026-02-16","2026-02-16","126","2017-01","2025-02","2026-01","good"
"TX2270100","TX","2026-02-16","2026-02-16","126","2017-01","2025-02","2026-01","good"
"TX2270900","TX","2026-02-16","2026-02-16","126","2017-01","2025-02","2026-01","good"
"TX2350100","TX","2026-02-16","2026-02-16","126","2017-01","2025-02","2026-01","good"
"TX2400100","TX","2026-02-16","2026-02-16","126","2017-01","2025-02","2026-01","good"
"TX2430500","TX","2026-02-16","2026-02-16","126","2017-01","2025-02","2026-01","good"
"TX2460000","TX","2026-02-16","2026-02-16","126","2017-01","2025-02","2026-01","good"
"TX2460200","TX","2026-02-16","2026-02-16","126","2017-01","2025-02","2026-01","good"
"TX2460500","TX","2026-02-16","2026-02-16","126","2017-01","2025-02","2026-01","good"
"TX2460900","TX","2026-02-16","2026-02-16","126","2017-01","2025-02","2026-01","good"
"TX2461700","TX","2026-02-16","2026-02-16","126","2017-01","2025-02","2026-01","good"
"TXDPD0000","TX","2026-02-16","2026-02-16","126","2017-01","2025-02","2026-01","good"
"TXHPD0000","TX","2026-02-16","2026-02-16","126","2017-01","2025-02","2026-01","good"
"TXSPD0000","TX","2026-02-16","2026-02-16","126","2017-01","2025-02","2026-01","good"
"UT0180300","UT0180300","2026-02-16","","9","","","","bad"
"VA1220000","VA1220000","2026-02-16","2026-02-16","31","2017-01","2025-02","2026-01","good"
"WA0270300","WA0270300","2026-02-16","","2","","","","bad"
"WA0370100","WA0370100","2026-02-16","2026-01-21","1","2021-01","2025-01","2025-12","bad"
"WASPD0000","WASPD0000","2026-02-16","","1","","","","bad"
"WI0710300","WI0710300","2026-02-16","2026-01-09","1","2024-01","2024-11","2025-10","bad"
"WIMPD0000","WIMPD0000","2026-02-16","2026-02-16","11","2017-01","2025-02","2026-01","good"
"WY0110100","WY","2026-02-16","2026-02-16","300","2021-01","2025-02","2026-01","good"