"city_state","date"
"Abilene,TX","apr_26"
"Abington,PA","apr_26"
"Ada,ID","apr_26"
"Adams,CO","apr_26"
"Aiken,SC","apr_26"
"Akron,OH","apr_26"
"Alameda,CA","apr_26"
"Alameda,CA","apr_26"
"Albany,GA","apr_26"
"Albany,NY","apr_26"
"Albemarle,VA","apr_26"
"Albuquerque,NM","apr_26"
"Alexandria,VA","apr_26"
"Aliso Viejo,CA","apr_26"
"Allen,TX","apr_26"
"Allentown,PA","apr_26"
"Alpharetta,GA","apr_26"
"Ames,IA","apr_26"
"Anaheim,CA","apr_26"
"Anderson,SC","apr_26"
"Ankeny,IA","apr_26"
"Ann Arbor,MI","apr_26"
"Antioch,CA","apr_26"
"Apex,NC","apr_26"
"Apple Valley,MN","apr_26"
"Appleton,WI","apr_26"
"Arapahoe,CO","apr_26"
"Arcadia,CA","apr_26"
"Arlington Heights,IL","apr_26"
"Arlington,TX","apr_26"
"Arlington,VA","apr_26"
"Arvada,CO","apr_26"
"Asheville,NC","apr_26"
"Atlanta,GA","apr_26"
"Aurora,CO","apr_26"
"Austin,TX","apr_26"
"Avondale,AZ","apr_26"
"Bakersfield,CA","apr_26"
"Baldwin Park,CA","apr_26"
"Baltimore,MD","apr_26"
"Baltimore,MD","apr_26"
"Bartlett,TN","apr_26"
"Baton Rouge,LA","apr_26"
"Battle Creek,MI","apr_26"
"Baytown,TX","apr_26"
"Beaufort,SC","apr_26"
"Beaumont,CA","apr_26"
"Beaumont,TX","apr_26"
"Bellevue,NE","apr_26"
"Bellingham,WA","apr_26"
"Bend,OR","apr_26"
"Bentonville,AR","apr_26"
"Berkeley,CA","apr_26"
"Berkeley,SC","apr_26"
"Bethlehem,PA","apr_26"
"Birmingham,AL","apr_26"
"Bismarck,ND","apr_26"
"Blaine,MN","apr_26"
"Bloomfield,NJ","apr_26"
"Bloomington,MN","apr_26"
"Blue Springs,MO","apr_26"
"Bolingbrook,IL","apr_26"
"Boone,KY","apr_26"
"Bossier City,LA","apr_26"
"Boston,MA","apr_26"
"Bowie,MD","apr_26"
"Bowling Green,KY","apr_26"
"Bozeman,MT","apr_26"
"Brazoria,TX","apr_26"
"Brentwood,CA","apr_26"
"Bristol,CT","apr_26"
"Brockton,MA","apr_26"
"Broken Arrow,OK","apr_26"
"Brooklyn Park,MN","apr_26"
"Broomfield,CO","apr_26"
"Brownsville,TX","apr_26"
"Buckeye,AZ","apr_26"
"Buena Park,CA","apr_26"
"Buffalo,NY","apr_26"
"Buncombe,NC","apr_26"
"Burbank,CA","apr_26"
"Burleson,TX","apr_26"
"Burlington,NC","apr_26"
"Burlington,VT","apr_26"
"Burnsville,MN","apr_26"
"Caldwell,ID","apr_26"
"Camarillo,CA","apr_26"
"Cambridge,MA","apr_26"
"Cameron,TX","apr_26"
"Canton Township,MI","apr_26"
"Canton,OH","apr_26"
"Carlsbad,CA","apr_26"
"Carmel,IN","apr_26"
"Carrollton,TX","apr_26"
"Casa Grande,AZ","apr_26"
"Cedar Park,TX","apr_26"
"Cedar Rapids,IA","apr_26"
"Centennial,CO","apr_26"
"Champaign,IL","apr_26"
"Chandler,AZ","apr_26"
"Chapel Hill,NC","apr_26"
"Charleston,SC","apr_26"
"Charlotte,NC","apr_26"
"Chattanooga,TN","apr_26"
"Cherry Hill Township,NJ","apr_26"
"Chesapeake,VA","apr_26"
"Cheyenne,WY","apr_26"
"Chicago,IL","apr_26"
"Chico,CA","apr_26"
"Chicopee,MA","apr_26"
"Chino,CA","apr_26"
"Chula Vista,CA","apr_26"
"Cicero,IL","apr_26"
"Cincinnati,OH","apr_26"
"Citrus Heights,CA","apr_26"
"Clarksville,TN","apr_26"
"Clifton,NJ","apr_26"
"Clinton Township,MI","apr_26"
"Clovis,CA","apr_26"
"Coeur D Alene,ID","apr_26"
"Colerain Township,OH","apr_26"
"College Station,TX","apr_26"
"Collierville,TN","apr_26"
"Collin,TX","apr_26"
"Colorado Springs,CO","apr_26"
"Columbia,MO","apr_26"
"Columbus,OH","apr_26"
"Comal,TX","apr_26"
"Concord,NC","apr_26"
"Conroe,TX","apr_26"
"Conway,AR","apr_26"
"Coon Rapids,MN","apr_26"
"Corona,CA","apr_26"
"Council Bluffs,IA","apr_26"
"Cranston,RI","apr_26"
"Dallas,TX","apr_26"
"Daly City,CA","apr_26"
"Davenport,IA","apr_26"
"Davis,CA","apr_26"
"Dayton,OH","apr_26"
"Dearborn Heights,MI","apr_26"
"Dearborn,MI","apr_26"
"Decatur,IL","apr_26"
"Denton,TX","apr_26"
"Denton,TX","apr_26"
"Denver,CO","apr_26"
"Des Moines,IA","apr_26"
"Desoto,TX","apr_26"
"Detroit,MI","apr_26"
"Douglas,CO","apr_26"
"Douglas,NE","apr_26"
"Draper,UT","apr_26"
"Dublin,OH","apr_26"
"Dubuque,IA","apr_26"
"Duluth,MN","apr_26"
"Dunwoody,GA","apr_26"
"Durham,NC","apr_26"
"East Hartford,CT","apr_26"
"Eau Claire,WI","apr_26"
"Eden Prairie,MN","apr_26"
"Edina,MN","apr_26"
"Edinburg,TX","apr_26"
"Edmond,OK","apr_26"
"El Cajon,CA","apr_26"
"El Monte,CA","apr_26"
"El Paso,CO","apr_26"
"El Paso,TX","apr_26"
"El Paso,TX","apr_26"
"Elizabeth,NJ","apr_26"
"Elk Grove,CA","apr_26"
"Elkhart,IN","apr_26"
"Elyria,OH","apr_26"
"Erie,PA","apr_26"
"Escondido,CA","apr_26"
"Euclid,OH","apr_26"
"Eugene,OR","apr_26"
"Euless,TX","apr_26"
"Evanston,IL","apr_26"
"Everett,MA","apr_26"
"Everett,WA","apr_26"
"Fairfax,VA","apr_26"
"Fairfield,CA","apr_26"
"Fairfield,CT","apr_26"
"Fargo,ND","apr_26"
"Farmington Hills,MI","apr_26"
"Fayetteville,AR","apr_26"
"Fishers,IN","apr_26"
"Flower Mound,TX","apr_26"
"Folsom,CA","apr_26"
"Forsyth,GA","apr_26"
"Forsyth,NC","apr_26"
"Fort Bend,TX","apr_26"
"Fort Collins,CO","apr_26"
"Fort Smith,AR","apr_26"
"Fort Worth,TX","apr_26"
"Fountain Valley,CA","apr_26"
"Franklin,TN","apr_26"
"Fresno,CA","apr_26"
"Frisco,TX","apr_26"
"Fullerton,CA","apr_26"
"Galveston,TX","apr_26"
"Gardena,CA","apr_26"
"Garland,TX","apr_26"
"Gastonia,NC","apr_26"
"Georgetown,TX","apr_26"
"Gilbert,AZ","apr_26"
"Gilroy,CA","apr_26"
"Glendale,CA","apr_26"
"Goodyear,AZ","apr_26"
"Grand Forks,ND","apr_26"
"Grand Island,NE","apr_26"
"Grand Junction,CO","apr_26"
"Grand Rapids,MI","apr_26"
"Grapevine,TX","apr_26"
"Great Falls,MT","apr_26"
"Green Bay,WI","apr_26"
"Green Township,OH","apr_26"
"Greenville,NC","apr_26"
"Greenville,SC","apr_26"
"Greenville,SC","apr_26"
"Greenwood,IN","apr_26"
"Gresham,OR","apr_26"
"Hall,GA","apr_26"
"Hamilton,OH","apr_26"
"Hamilton,TN","apr_26"
"Hampton,VA","apr_26"
"Hanover,VA","apr_26"
"Harlingen,TX","apr_26"
"Harrisburg,PA","apr_26"
"Harrisonburg,VA","apr_26"
"Haverford,PA","apr_26"
"Haverhill,MA","apr_26"
"Hays,TX","apr_26"
"Hayward,CA","apr_26"
"Henderson,NV","apr_26"
"Hendersonville,TN","apr_26"
"Henrico,VA","apr_26"
"Hidalgo,TX","apr_26"
"High Point,NC","apr_26"
"Hillsboro,OR","apr_26"
"Hoboken,NJ","apr_26"
"Honolulu,HI","apr_26"
"Horry,SC","apr_26"
"Houston,TX","apr_26"
"Howard,MD","apr_26"
"Huntersville,NC","apr_26"
"Idaho Falls,ID","apr_26"
"Independence,MO","apr_26"
"Indianapolis,IN","apr_26"
"Iowa City,IA","apr_26"
"Iredell,NC","apr_26"
"Irvine,CA","apr_26"
"Irving,TX","apr_26"
"Jackson,TN","apr_26"
"Jacksonville,FL","apr_26"
"Janesville,WI","apr_26"
"Jefferson,CO","apr_26"
"Jefferson,LA","apr_26"
"Jefferson,MO","apr_26"
"Jersey City,NJ","apr_26"
"Johns Creek,GA","apr_26"
"Johnson City,TN","apr_26"
"Johnston,NC","apr_26"
"Joplin,MO","apr_26"
"Kalamazoo,MI","apr_26"
"Kalamazoo,MI","apr_26"
"Kannapolis,NC","apr_26"
"Kansas City,MO","apr_26"
"Kaufman,TX","apr_26"
"Kenosha,WI","apr_26"
"Kent,MI","apr_26"
"Kingsport,TN","apr_26"
"Knox,TN","apr_26"
"Knoxville,TN","apr_26"
"Kyle,TX","apr_26"
"La Crosse,WI","apr_26"
"La Mesa,CA","apr_26"
"Lafayette,LA","apr_26"
"Laguna Niguel,CA","apr_26"
"Lake Charles,LA","apr_26"
"Lakeville,MN","apr_26"
"Lancaster,PA","apr_26"
"Lancaster,SC","apr_26"
"Lansing,MI","apr_26"
"Laredo,TX","apr_26"
"Las Vegas,NV","apr_26"
"Layton,UT","apr_26"
"League City,TX","apr_26"
"Leander,TX","apr_26"
"Lenexa,KS","apr_26"
"Lewisville,TX","apr_26"
"Lexington,KY","apr_26"
"Lexington,SC","apr_26"
"Lincoln,CA","apr_26"
"Lincoln,NE","apr_26"
"Little Elm,TX","apr_26"
"Little Rock,AR","apr_26"
"Livingston,LA","apr_26"
"Livonia,MI","apr_26"
"Logan,UT","apr_26"
"Long Beach,CA","apr_26"
"Longview,TX","apr_26"
"Lorain,OH","apr_26"
"Los Angeles,CA","apr_26"
"Los Angeles,CA","apr_26"
"Loudoun,VA","apr_26"
"Louisville,KY","apr_26"
"Lower Merion,PA","apr_26"
"Lower Paxton,PA","apr_26"
"Lynchburg,VA","apr_26"
"Lynn,MA","apr_26"
"Macomb,MI","apr_26"
"Madera,CA","apr_26"
"Madison,WI","apr_26"
"Manchester,CT","apr_26"
"Manchester,NH","apr_26"
"Mansfield,TX","apr_26"
"Manteca,CA","apr_26"
"Maple Grove,MN","apr_26"
"Maricopa,AZ","apr_26"
"McAllen,TX","apr_26"
"Mckinney,TX","apr_26"
"Medford,OR","apr_26"
"Memphis,TN","apr_26"
"Merced,CA","apr_26"
"Meridian,ID","apr_26"
"Mesa,AZ","apr_26"
"Mesquite,TX","apr_26"
"Methuen,MA","apr_26"
"Miami Beach,FL","apr_26"
"Miami,FL","apr_26"
"Midland,TX","apr_26"
"Midwest City,OK","apr_26"
"Millcreek,PA","apr_26"
"Milpitas,CA","apr_26"
"Milwaukee,WI","apr_26"
"Minneapolis,MN","apr_26"
"Minnetonka,MN","apr_26"
"Mission Viejo,CA","apr_26"
"Missoula,MT","apr_26"
"Missouri City,TX","apr_26"
"Mobile,AL","apr_26"
"Monterey Park,CA","apr_26"
"Monterey,CA","apr_26"
"Montgomery,MD","apr_26"
"Moore,OK","apr_26"
"Mooresville,NC","apr_26"
"Mount Pleasant,SC","apr_26"
"Mount Prospect,IL","apr_26"
"Mountain View,CA","apr_26"
"Muncie,IN","apr_26"
"Murfreesboro,TN","apr_26"
"Murrieta,CA","apr_26"
"Napa,CA","apr_26"
"Nashville,TN","apr_26"
"National City,CA","apr_26"
"New Bedford,MA","apr_26"
"New Braunfels,TX","apr_26"
"New Hanover,NC","apr_26"
"New Orleans,LA","apr_26"
"New Rochelle,NY","apr_26"
"New York City,NY","apr_26"
"Newark,NJ","apr_26"
"Newport Beach,CA","apr_26"
"Noblesville,IN","apr_26"
"Normal,IL","apr_26"
"North Bergen Township,NJ","apr_26"
"North Charleston,SC","apr_26"
"North Little Rock,AR","apr_26"
"North Richland Hills,TX","apr_26"
"Novato,CA","apr_26"
"Novi,MI","apr_26"
"O'Fallon,MO","apr_26"
"Oak Lawn,IL","apr_26"
"Oceanside,CA","apr_26"
"Odessa,TX","apr_26"
"Ogden,UT","apr_26"
"Oklahoma City,OK","apr_26"
"Omaha,NE","apr_26"
"Onslow,NC","apr_26"
"Orem,UT","apr_26"
"Oshkosh,WI","apr_26"
"Oxnard,CA","apr_26"
"Palatine,IL","apr_26"
"Palo Alto,CA","apr_26"
"Parker,TX","apr_26"
"Pasadena,CA","apr_26"
"Pasadena,TX","apr_26"
"Paterson,NJ","apr_26"
"Paulding,GA","apr_26"
"Pawtucket,RI","apr_26"
"Pearland,TX","apr_26"
"Petaluma,CA","apr_26"
"Pflugerville,TX","apr_26"
"Pharr,TX","apr_26"
"Philadelphia,PA","apr_26"
"Phoenix,AZ","apr_26"
"Pima,AZ","apr_26"
"Pittsburgh,PA","apr_26"
"Placer,CA","apr_26"
"Plano,TX","apr_26"
"Pleasanton,CA","apr_26"
"Plymouth,MN","apr_26"
"Pocatello,ID","apr_26"
"Pomona,CA","apr_26"
"Pontiac,MI","apr_26"
"Port Arthur,TX","apr_26"
"Port St Lucie,FL","apr_26"
"Porterville,CA","apr_26"
"Portland,OR","apr_26"
"Portsmouth,VA","apr_26"
"Prince George's,MD","apr_26"
"Prince William,VA","apr_26"
"Quincy,MA","apr_26"
"Racine,WI","apr_26"
"Raleigh,NC","apr_26"
"Reading,PA","apr_26"
"Redmond,WA","apr_26"
"Redondo Beach,CA","apr_26"
"Redwood City,CA","apr_26"
"Revere,MA","apr_26"
"Richardson,TX","apr_26"
"Richland,WA","apr_26"
"Richmond,CA","apr_26"
"Richmond,VA","apr_26"
"Riverside,CA","apr_26"
"Roanoke,VA","apr_26"
"Rochester Hills,MI","apr_26"
"Rochester,MN","apr_26"
"Rochester,NY","apr_26"
"Rock Hill,SC","apr_26"
"Rockford,IL","apr_26"
"Rocklin,CA","apr_26"
"Rockwall,TX","apr_26"
"Rocky Mount,NC","apr_26"
"Roseville,CA","apr_26"
"Roswell,GA","apr_26"
"Round Rock,TX","apr_26"
"Rowlett,TX","apr_26"
"Royal Oak,MI","apr_26"
"Rutherford,TN","apr_26"
"Sacramento,CA","apr_26"
"Sacramento,CA","apr_26"
"Salt Lake City,UT","apr_26"
"San Angelo,TX","apr_26"
"San Antonio,TX","apr_26"
"San Diego,CA","apr_26"
"San Diego,CA","apr_26"
"San Francisco,CA","apr_26"
"San Jose,CA","apr_26"
"San Marcos,TX","apr_26"
"San Mateo,CA","apr_26"
"San Rafael,CA","apr_26"
"Santa Clara,CA","apr_26"
"Santa Cruz,CA","apr_26"
"Santa Cruz,CA","apr_26"
"Santa Fe,NM","apr_26"
"Santa Maria,CA","apr_26"
"Santa Monica,CA","apr_26"
"Santa Rosa,CA","apr_26"
"Sarasota,FL","apr_26"
"Saratoga Springs,UT","apr_26"
"Saratoga,NY","apr_26"
"Sarpy,NE","apr_26"
"Schaumburg,IL","apr_26"
"Schenectady,NY","apr_26"
"Scottsdale,AZ","apr_26"
"Scranton,PA","apr_26"
"Seattle,WA","apr_26"
"Shawnee,KS","apr_26"
"Shelby Township,MI","apr_26"
"Shelby,TN","apr_26"
"Shreveport,LA","apr_26"
"Simi Valley,CA","apr_26"
"Sioux City,IA","apr_26"
"Skokie,IL","apr_26"
"Smith,TX","apr_26"
"Smyrna,TN","apr_26"
"Sonoma,CA","apr_26"
"South Bend,IN","apr_26"
"South Jordan,UT","apr_26"
"Southaven,MS","apr_26"
"Southfield,MI","apr_26"
"Spokane Valley,WA","apr_26"
"Spokane,WA","apr_26"
"Spring Hill,TN","apr_26"
"Springfield,IL","apr_26"
"Springfield,MO","apr_26"
"St Charles,MO","apr_26"
"St Joseph,IN","apr_26"
"St Joseph,MO","apr_26"
"St Louis,MO","apr_26"
"St Louis,MO","apr_26"
"St Peters,MO","apr_26"
"St. Clair Shores,MI","apr_26"
"St. Cloud,MN","apr_26"
"St. George,UT","apr_26"
"St. Mary's,MD","apr_26"
"St. Paul,MN","apr_26"
"Stafford,VA","apr_26"
"Stark,OH","apr_26"
"Sterling Heights,MI","apr_26"
"Sugar Land,TX","apr_26"
"Tacoma,WA","apr_26"
"Taunton,MA","apr_26"
"Taylor,MI","apr_26"
"Tempe,AZ","apr_26"
"Texas City,TX","apr_26"
"Thornton,CO","apr_26"
"Thousand Oaks,CA","apr_26"
"Thurston,WA","apr_26"
"Tigard,OR","apr_26"
"Torrance,CA","apr_26"
"Travis,TX","apr_26"
"Troy,MI","apr_26"
"Tucson,AZ","apr_26"
"Tulare,CA","apr_26"
"Tulare,CA","apr_26"
"Tustin,CA","apr_26"
"Twin Falls,ID","apr_26"
"Tyler,TX","apr_26"
"Upper Darby,PA","apr_26"
"Utica,NY","apr_26"
"Vacaville,CA","apr_26"
"Vallejo,CA","apr_26"
"Ventura,CA","apr_26"
"Victoria,TX","apr_26"
"Virginia Beach,VA","apr_26"
"Visalia,CA","apr_26"
"Waco,TX","apr_26"
"Wake Forest,NC","apr_26"
"Wake,NC","apr_26"
"Walnut Creek,CA","apr_26"
"Waltham,MA","apr_26"
"Warren,MI","apr_26"
"Warwick,RI","apr_26"
"Washington,DC","apr_26"
"Washington,MD","apr_26"
"Washington,OR","apr_26"
"Washtenaw,MI","apr_26"
"Waterford Township,MI","apr_26"
"Waterloo,IA","apr_26"
"Waukesha,WI","apr_26"
"Wayne Township,NJ","apr_26"
"West Allis,WI","apr_26"
"West Bloomfield Township,MI","apr_26"
"West Chester Township,OH","apr_26"
"West Covina,CA","apr_26"
"West Des Moines,IA","apr_26"
"West Hartford,CT","apr_26"
"West New York,NJ","apr_26"
"West Valley,UT","apr_26"
"Westfield,IN","apr_26"
"Westland,MI","apr_26"
"Westminster,CO","apr_26"
"Weymouth,MA","apr_26"
"Wichita Falls,TX","apr_26"
"Will,IL","apr_26"
"Williamson,TX","apr_26"
"Wilmington,NC","apr_26"
"Woodbury,MN","apr_26"
"Wright,MN","apr_26"
"Wyoming,MI","apr_26"
"Yakima,WA","apr_26"
"Yorba Linda,CA","apr_26"
"Yuma,AZ","apr_26"
