"city_state_id","city_state","Agency Name","State","date","Agency_Type"
"Abilene,TX,City","Abilene,TX","Abilene","TX","mar_26","City"
"Abington,PA,City","Abington,PA","Abington","PA","mar_26","City"
"Ada,ID,County","Ada,ID","Ada","ID","mar_26","County"
"Adams,CO,County","Adams,CO","Adams","CO","mar_26","County"
"Aiken,SC,County","Aiken,SC","Aiken","SC","mar_26","County"
"Alameda,CA,City","Alameda,CA","Alameda","CA","mar_26","City"
"Alameda,CA,County","Alameda,CA","Alameda","CA","mar_26","County"
"Albany,GA,City","Albany,GA","Albany","GA","mar_26","City"
"Albany,OR,City","Albany,OR","Albany","OR","mar_26","City"
"Albemarle,VA,County","Albemarle,VA","Albemarle","VA","mar_26","County"
"Albuquerque,NM,City","Albuquerque,NM","Albuquerque","NM","mar_26","City"
"Alhambra,CA,City","Alhambra,CA","Alhambra","CA","mar_26","City"
"Aliso Viejo,CA,City","Aliso Viejo,CA","Aliso Viejo","CA","mar_26","City"
"Allen,TX,City","Allen,TX","Allen","TX","mar_26","City"
"Allentown,PA,City","Allentown,PA","Allentown","PA","mar_26","City"
"Alpharetta,GA,City","Alpharetta,GA","Alpharetta","GA","mar_26","City"
"Anaheim,CA,City","Anaheim,CA","Anaheim","CA","mar_26","City"
"Anderson,SC,County","Anderson,SC","Anderson","SC","mar_26","County"
"Ankeny,IA,City","Ankeny,IA","Ankeny","IA","mar_26","City"
"Ann Arbor,MI,City","Ann Arbor,MI","Ann Arbor","MI","mar_26","City"
"Antioch,CA,City","Antioch,CA","Antioch","CA","mar_26","City"
"Apex,NC,City","Apex,NC","Apex","NC","mar_26","City"
"Apple Valley,MN,City","Apple Valley,MN","Apple Valley","MN","mar_26","City"
"Appleton,WI,City","Appleton,WI","Appleton","WI","mar_26","City"
"Arcadia,CA,City","Arcadia,CA","Arcadia","CA","mar_26","City"
"Arlington Heights,IL,City","Arlington Heights,IL","Arlington Heights","IL","mar_26","City"
"Arlington,TX,City","Arlington,TX","Arlington","TX","mar_26","City"
"Arlington,VA,County","Arlington,VA","Arlington","VA","mar_26","County"
"Asheville,NC,City","Asheville,NC","Asheville","NC","mar_26","City"
"Atlanta,GA,City","Atlanta,GA","Atlanta","GA","mar_26","City"
"Aurora,CO,City","Aurora,CO","Aurora","CO","mar_26","City"
"Austin,TX,City","Austin,TX","Austin","TX","mar_26","City"
"Avondale,AZ,City","Avondale,AZ","Avondale","AZ","mar_26","City"
"Bakersfield,CA,City","Bakersfield,CA","Bakersfield","CA","mar_26","City"
"Baldwin Park,CA,City","Baldwin Park,CA","Baldwin Park","CA","mar_26","City"
"Baltimore,MD,City","Baltimore,MD","Baltimore","MD","mar_26","City"
"Baltimore,MD,County","Baltimore,MD","Baltimore","MD","mar_26","County"
"Bartlett,TN,City","Bartlett,TN","Bartlett","TN","mar_26","City"
"Baton Rouge,LA,City","Baton Rouge,LA","Baton Rouge","LA","mar_26","City"
"Battle Creek,MI,City","Battle Creek,MI","Battle Creek","MI","mar_26","City"
"Baytown,TX,City","Baytown,TX","Baytown","TX","mar_26","City"
"Beaufort,SC,County","Beaufort,SC","Beaufort","SC","mar_26","County"
"Beaumont,CA,City","Beaumont,CA","Beaumont","CA","mar_26","City"
"Beaumont,TX,City","Beaumont,TX","Beaumont","TX","mar_26","City"
"Bellevue,NE,City","Bellevue,NE","Bellevue","NE","mar_26","City"
"Bellingham,WA,City","Bellingham,WA","Bellingham","WA","mar_26","City"
"Bend,OR,City","Bend,OR","Bend","OR","mar_26","City"
"Bensalem,PA,City","Bensalem,PA","Bensalem","PA","mar_26","City"
"Bentonville,AR,City","Bentonville,AR","Bentonville","AR","mar_26","City"
"Berkeley,SC,County","Berkeley,SC","Berkeley","SC","mar_26","County"
"Bethlehem,PA,City","Bethlehem,PA","Bethlehem","PA","mar_26","City"
"Billings,MT,City","Billings,MT","Billings","MT","mar_26","City"
"Birmingham,AL,City","Birmingham,AL","Birmingham","AL","mar_26","City"
"Bismarck,ND,City","Bismarck,ND","Bismarck","ND","mar_26","City"
"Blaine,MN,City","Blaine,MN","Blaine","MN","mar_26","City"
"Bloomfield,NJ,City","Bloomfield,NJ","Bloomfield","NJ","mar_26","City"
"Bloomington,MN,City","Bloomington,MN","Bloomington","MN","mar_26","City"
"Blue Springs,MO,City","Blue Springs,MO","Blue Springs","MO","mar_26","City"
"Bolingbrook,IL,City","Bolingbrook,IL","Bolingbrook","IL","mar_26","City"
"Boone,KY,County","Boone,KY","Boone","KY","mar_26","County"
"Bossier City,LA,City","Bossier City,LA","Bossier City","LA","mar_26","City"
"Boston,MA,City","Boston,MA","Boston","MA","mar_26","City"
"Boulder,CO,City","Boulder,CO","Boulder","CO","mar_26","City"
"Bowling Green,KY,City","Bowling Green,KY","Bowling Green","KY","mar_26","City"
"Bozeman,MT,City","Bozeman,MT","Bozeman","MT","mar_26","City"
"Brazoria,TX,County","Brazoria,TX","Brazoria","TX","mar_26","County"
"Brentwood,CA,City","Brentwood,CA","Brentwood","CA","mar_26","City"
"Bridgeport,CT,City","Bridgeport,CT","Bridgeport","CT","mar_26","City"
"Bristol,CT,City","Bristol,CT","Bristol","CT","mar_26","City"
"Brockton,MA,City","Brockton,MA","Brockton","MA","mar_26","City"
"Broken Arrow,OK,City","Broken Arrow,OK","Broken Arrow","OK","mar_26","City"
"Brookhaven,GA,City","Brookhaven,GA","Brookhaven","GA","mar_26","City"
"Brooklyn Park,MN,City","Brooklyn Park,MN","Brooklyn Park","MN","mar_26","City"
"Broomfield,CO,City","Broomfield,CO","Broomfield","CO","mar_26","City"
"Brownsville,TX,City","Brownsville,TX","Brownsville","TX","mar_26","City"
"Buckeye,AZ,City","Buckeye,AZ","Buckeye","AZ","mar_26","City"
"Buena Park,CA,City","Buena Park,CA","Buena Park","CA","mar_26","City"
"Buffalo,NY,City","Buffalo,NY","Buffalo","NY","mar_26","City"
"Buncombe,NC,County","Buncombe,NC","Buncombe","NC","mar_26","County"
"Burbank,CA,City","Burbank,CA","Burbank","CA","mar_26","City"
"Burleson,TX,City","Burleson,TX","Burleson","TX","mar_26","City"
"Burlington,NC,City","Burlington,NC","Burlington","NC","mar_26","City"
"Burnsville,MN,City","Burnsville,MN","Burnsville","MN","mar_26","City"
"Caldwell,ID,City","Caldwell,ID","Caldwell","ID","mar_26","City"
"Camarillo,CA,City","Camarillo,CA","Camarillo","CA","mar_26","City"
"Cambridge,MA,City","Cambridge,MA","Cambridge","MA","mar_26","City"
"Cameron,TX,County","Cameron,TX","Cameron","TX","mar_26","County"
"Canton Township,MI,City","Canton Township,MI","Canton Township","MI","mar_26","City"
"Canton,OH,City","Canton,OH","Canton","OH","mar_26","City"
"Cary,NC,City","Cary,NC","Cary","NC","mar_26","City"
"Casa Grande,AZ,City","Casa Grande,AZ","Casa Grande","AZ","mar_26","City"
"Cedar Park,TX,City","Cedar Park,TX","Cedar Park","TX","mar_26","City"
"Cedar Rapids,IA,City","Cedar Rapids,IA","Cedar Rapids","IA","mar_26","City"
"Champaign,IL,City","Champaign,IL","Champaign","IL","mar_26","City"
"Chandler,AZ,City","Chandler,AZ","Chandler","AZ","mar_26","City"
"Chapel Hill,NC,City","Chapel Hill,NC","Chapel Hill","NC","mar_26","City"
"Charleston,SC,City","Charleston,SC","Charleston","SC","mar_26","City"
"Charlotte,NC,City","Charlotte,NC","Charlotte","NC","mar_26","City"
"Chattanooga,TN,City","Chattanooga,TN","Chattanooga","TN","mar_26","City"
"Cherry Hill Township,NJ,City","Cherry Hill Township,NJ","Cherry Hill Township","NJ","mar_26","City"
"Chesapeake,VA,City","Chesapeake,VA","Chesapeake","VA","mar_26","City"
"Chicago,IL,City","Chicago,IL","Chicago","IL","mar_26","City"
"Chico,CA,City","Chico,CA","Chico","CA","mar_26","City"
"Chicopee,MA,City","Chicopee,MA","Chicopee","MA","mar_26","City"
"Chino,CA,City","Chino,CA","Chino","CA","mar_26","City"
"Chula Vista,CA,City","Chula Vista,CA","Chula Vista","CA","mar_26","City"
"Cincinnati,OH,City","Cincinnati,OH","Cincinnati","OH","mar_26","City"
"Citrus Heights,CA,City","Citrus Heights,CA","Citrus Heights","CA","mar_26","City"
"Clarksville,TN,City","Clarksville,TN","Clarksville","TN","mar_26","City"
"Clifton,NJ,City","Clifton,NJ","Clifton","NJ","mar_26","City"
"Clinton Township,MI,City","Clinton Township,MI","Clinton Township","MI","mar_26","City"
"Coeur D Alene,ID,City","Coeur D Alene,ID","Coeur D Alene","ID","mar_26","City"
"Colerain Township,OH,City","Colerain Township,OH","Colerain Township","OH","mar_26","City"
"College Station,TX,City","College Station,TX","College Station","TX","mar_26","City"
"Collierville,TN,City","Collierville,TN","Collierville","TN","mar_26","City"
"Collin,TX,County","Collin,TX","Collin","TX","mar_26","County"
"Colonie Town,NY,City","Colonie Town,NY","Colonie Town","NY","mar_26","City"
"Colorado Springs,CO,City","Colorado Springs,CO","Colorado Springs","CO","mar_26","City"
"Columbia,MO,City","Columbia,MO","Columbia","MO","mar_26","City"
"Columbus,OH,City","Columbus,OH","Columbus","OH","mar_26","City"
"Comal,TX,County","Comal,TX","Comal","TX","mar_26","County"
"Concord,NC,City","Concord,NC","Concord","NC","mar_26","City"
"Conroe,TX,City","Conroe,TX","Conroe","TX","mar_26","City"
"Conway,AR,City","Conway,AR","Conway","AR","mar_26","City"
"Coon Rapids,MN,City","Coon Rapids,MN","Coon Rapids","MN","mar_26","City"
"Corona,CA,City","Corona,CA","Corona","CA","mar_26","City"
"Council Bluffs,IA,City","Council Bluffs,IA","Council Bluffs","IA","mar_26","City"
"Cranston,RI,City","Cranston,RI","Cranston","RI","mar_26","City"
"Dallas,TX,City","Dallas,TX","Dallas","TX","mar_26","City"
"Davenport,IA,City","Davenport,IA","Davenport","IA","mar_26","City"
"Davis,CA,City","Davis,CA","Davis","CA","mar_26","City"
"Dayton,OH,City","Dayton,OH","Dayton","OH","mar_26","City"
"Dearborn Heights,MI,City","Dearborn Heights,MI","Dearborn Heights","MI","mar_26","City"
"Dearborn,MI,City","Dearborn,MI","Dearborn","MI","mar_26","City"
"Decatur,IL,City","Decatur,IL","Decatur","IL","mar_26","City"
"Denton,TX,City","Denton,TX","Denton","TX","mar_26","City"
"Denton,TX,County","Denton,TX","Denton","TX","mar_26","County"
"Denver,CO,City","Denver,CO","Denver","CO","mar_26","City"
"Des Moines,IA,City","Des Moines,IA","Des Moines","IA","mar_26","City"
"Desoto,TX,City","Desoto,TX","Desoto","TX","mar_26","City"
"Detroit,MI,City","Detroit,MI","Detroit","MI","mar_26","City"
"Douglas,CO,County","Douglas,CO","Douglas","CO","mar_26","County"
"Douglas,NE,County","Douglas,NE","Douglas","NE","mar_26","County"
"Draper,UT,City","Draper,UT","Draper","UT","mar_26","City"
"Dublin,OH,City","Dublin,OH","Dublin","OH","mar_26","City"
"Duluth,MN,City","Duluth,MN","Duluth","MN","mar_26","City"
"Dunwoody,GA,City","Dunwoody,GA","Dunwoody","GA","mar_26","City"
"Durham,NC,City","Durham,NC","Durham","NC","mar_26","City"
"East Hartford,CT,City","East Hartford,CT","East Hartford","CT","mar_26","City"
"Eau Claire,WI,City","Eau Claire,WI","Eau Claire","WI","mar_26","City"
"Eden Prairie,MN,City","Eden Prairie,MN","Eden Prairie","MN","mar_26","City"
"Edina,MN,City","Edina,MN","Edina","MN","mar_26","City"
"Edinburg,TX,City","Edinburg,TX","Edinburg","TX","mar_26","City"
"Edmond,OK,City","Edmond,OK","Edmond","OK","mar_26","City"
"El Cajon,CA,City","El Cajon,CA","El Cajon","CA","mar_26","City"
"El Dorado,CA,County","El Dorado,CA","El Dorado","CA","mar_26","County"
"El Monte,CA,City","El Monte,CA","El Monte","CA","mar_26","City"
"El Paso,CO,County","El Paso,CO","El Paso","CO","mar_26","County"
"El Paso,TX,City","El Paso,TX","El Paso","TX","mar_26","City"
"El Paso,TX,County","El Paso,TX","El Paso","TX","mar_26","County"
"Elizabeth,NJ,City","Elizabeth,NJ","Elizabeth","NJ","mar_26","City"
"Elk Grove,CA,City","Elk Grove,CA","Elk Grove","CA","mar_26","City"
"Elyria,OH,City","Elyria,OH","Elyria","OH","mar_26","City"
"Enid,OK,City","Enid,OK","Enid","OK","mar_26","City"
"Erie,PA,City","Erie,PA","Erie","PA","mar_26","City"
"Escondido,CA,City","Escondido,CA","Escondido","CA","mar_26","City"
"Eugene,OR,City","Eugene,OR","Eugene","OR","mar_26","City"
"Euless,TX,City","Euless,TX","Euless","TX","mar_26","City"
"Evanston,IL,City","Evanston,IL","Evanston","IL","mar_26","City"
"Fairfield,CA,City","Fairfield,CA","Fairfield","CA","mar_26","City"
"Fairfield,CT,City","Fairfield,CT","Fairfield","CT","mar_26","City"
"Fall River,MA,City","Fall River,MA","Fall River","MA","mar_26","City"
"Fargo,ND,City","Fargo,ND","Fargo","ND","mar_26","City"
"Farmington Hills,MI,City","Farmington Hills,MI","Farmington Hills","MI","mar_26","City"
"Fayetteville,AR,City","Fayetteville,AR","Fayetteville","AR","mar_26","City"
"Fishers,IN,City","Fishers,IN","Fishers","IN","mar_26","City"
"Flower Mound,TX,City","Flower Mound,TX","Flower Mound","TX","mar_26","City"
"Folsom,CA,City","Folsom,CA","Folsom","CA","mar_26","City"
"Fontana,CA,City","Fontana,CA","Fontana","CA","mar_26","City"
"Forsyth,GA,County","Forsyth,GA","Forsyth","GA","mar_26","County"
"Forsyth,NC,County","Forsyth,NC","Forsyth","NC","mar_26","County"
"Fort Bend,TX,County","Fort Bend,TX","Fort Bend","TX","mar_26","County"
"Fort Collins,CO,City","Fort Collins,CO","Fort Collins","CO","mar_26","City"
"Fort Smith,AR,City","Fort Smith,AR","Fort Smith","AR","mar_26","City"
"Fort Worth,TX,City","Fort Worth,TX","Fort Worth","TX","mar_26","City"
"Fountain Valley,CA,City","Fountain Valley,CA","Fountain Valley","CA","mar_26","City"
"Franklin,TN,City","Franklin,TN","Franklin","TN","mar_26","City"
"Fresno,CA,City","Fresno,CA","Fresno","CA","mar_26","City"
"Frisco,TX,City","Frisco,TX","Frisco","TX","mar_26","City"
"Fullerton,CA,City","Fullerton,CA","Fullerton","CA","mar_26","City"
"Galveston,TX,City","Galveston,TX","Galveston","TX","mar_26","City"
"Gardena,CA,City","Gardena,CA","Gardena","CA","mar_26","City"
"Garland,TX,City","Garland,TX","Garland","TX","mar_26","City"
"Gastonia,NC,City","Gastonia,NC","Gastonia","NC","mar_26","City"
"Georgetown,TX,City","Georgetown,TX","Georgetown","TX","mar_26","City"
"Gilbert,AZ,City","Gilbert,AZ","Gilbert","AZ","mar_26","City"
"Gilroy,CA,City","Gilroy,CA","Gilroy","CA","mar_26","City"
"Glendale,CA,City","Glendale,CA","Glendale","CA","mar_26","City"
"Goodyear,AZ,City","Goodyear,AZ","Goodyear","AZ","mar_26","City"
"Grand Forks,ND,City","Grand Forks,ND","Grand Forks","ND","mar_26","City"
"Grand Island,NE,City","Grand Island,NE","Grand Island","NE","mar_26","City"
"Grand Junction,CO,City","Grand Junction,CO","Grand Junction","CO","mar_26","City"
"Grand Prairie,TX,City","Grand Prairie,TX","Grand Prairie","TX","mar_26","City"
"Grand Rapids,MI,City","Grand Rapids,MI","Grand Rapids","MI","mar_26","City"
"Grapevine,TX,City","Grapevine,TX","Grapevine","TX","mar_26","City"
"Great Falls,MT,City","Great Falls,MT","Great Falls","MT","mar_26","City"
"Green Bay,WI,City","Green Bay,WI","Green Bay","WI","mar_26","City"
"Green Township,OH,City","Green Township,OH","Green Township","OH","mar_26","City"
"Greenville,NC,City","Greenville,NC","Greenville","NC","mar_26","City"
"Greenville,SC,City","Greenville,SC","Greenville","SC","mar_26","City"
"Greenville,SC,County","Greenville,SC","Greenville","SC","mar_26","County"
"Greenwood,IN,City","Greenwood,IN","Greenwood","IN","mar_26","City"
"Gresham,OR,City","Gresham,OR","Gresham","OR","mar_26","City"
"Guilford,NC,County","Guilford,NC","Guilford","NC","mar_26","County"
"Hall,GA,County","Hall,GA","Hall","GA","mar_26","County"
"Hamilton,OH,City","Hamilton,OH","Hamilton","OH","mar_26","City"
"Hamilton,TN,County","Hamilton,TN","Hamilton","TN","mar_26","County"
"Harlingen,TX,City","Harlingen,TX","Harlingen","TX","mar_26","City"
"Harris,TX,County","Harris,TX","Harris","TX","mar_26","County"
"Harrisburg,PA,City","Harrisburg,PA","Harrisburg","PA","mar_26","City"
"Harrisonburg,VA,City","Harrisonburg,VA","Harrisonburg","VA","mar_26","City"
"Haverford,PA,City","Haverford,PA","Haverford","PA","mar_26","City"
"Haverhill,MA,City","Haverhill,MA","Haverhill","MA","mar_26","City"
"Hays,TX,County","Hays,TX","Hays","TX","mar_26","County"
"Hayward,CA,City","Hayward,CA","Hayward","CA","mar_26","City"
"Hempstead Village,NY,City","Hempstead Village,NY","Hempstead Village","NY","mar_26","City"
"Henderson,NV,City","Henderson,NV","Henderson","NV","mar_26","City"
"Hendersonville,TN,City","Hendersonville,TN","Hendersonville","TN","mar_26","City"
"Henrico,VA,County","Henrico,VA","Henrico","VA","mar_26","County"
"Hidalgo,TX,County","Hidalgo,TX","Hidalgo","TX","mar_26","County"
"High Point,NC,City","High Point,NC","High Point","NC","mar_26","City"
"Hillsboro,OR,City","Hillsboro,OR","Hillsboro","OR","mar_26","City"
"Hoboken,NJ,City","Hoboken,NJ","Hoboken","NJ","mar_26","City"
"Honolulu,HI,City","Honolulu,HI","Honolulu","HI","mar_26","City"
"Houston,TX,City","Houston,TX","Houston","TX","mar_26","City"
"Howard,MD,County","Howard,MD","Howard","MD","mar_26","County"
"Huntersville,NC,City","Huntersville,NC","Huntersville","NC","mar_26","City"
"Idaho Falls,ID,City","Idaho Falls,ID","Idaho Falls","ID","mar_26","City"
"Independence,MO,City","Independence,MO","Independence","MO","mar_26","City"
"Indianapolis,IN,City","Indianapolis,IN","Indianapolis","IN","mar_26","City"
"Iowa City,IA,City","Iowa City,IA","Iowa City","IA","mar_26","City"
"Iredell,NC,County","Iredell,NC","Iredell","NC","mar_26","County"
"Irvine,CA,City","Irvine,CA","Irvine","CA","mar_26","City"
"Irving,TX,City","Irving,TX","Irving","TX","mar_26","City"
"Jackson,TN,City","Jackson,TN","Jackson","TN","mar_26","City"
"Jacksonville,FL,City","Jacksonville,FL","Jacksonville","FL","mar_26","City"
"Janesville,WI,City","Janesville,WI","Janesville","WI","mar_26","City"
"Jefferson,LA,County","Jefferson,LA","Jefferson","LA","mar_26","County"
"Jefferson,MO,County","Jefferson,MO","Jefferson","MO","mar_26","County"
"Jersey City,NJ,City","Jersey City,NJ","Jersey City","NJ","mar_26","City"
"Johns Creek,GA,City","Johns Creek,GA","Johns Creek","GA","mar_26","City"
"Johnson City,TN,City","Johnson City,TN","Johnson City","TN","mar_26","City"
"Johnston,NC,County","Johnston,NC","Johnston","NC","mar_26","County"
"Joplin,MO,City","Joplin,MO","Joplin","MO","mar_26","City"
"Kalamazoo,MI,City","Kalamazoo,MI","Kalamazoo","MI","mar_26","City"
"Kannapolis,NC,City","Kannapolis,NC","Kannapolis","NC","mar_26","City"
"Kansas City,MO,City","Kansas City,MO","Kansas City","MO","mar_26","City"
"Kaufman,TX,County","Kaufman,TX","Kaufman","TX","mar_26","County"
"Kenosha,WI,City","Kenosha,WI","Kenosha","WI","mar_26","City"
"Kingsport,TN,City","Kingsport,TN","Kingsport","TN","mar_26","City"
"Knox,TN,County","Knox,TN","Knox","TN","mar_26","County"
"Knoxville,TN,City","Knoxville,TN","Knoxville","TN","mar_26","City"
"Kyle,TX,City","Kyle,TX","Kyle","TX","mar_26","City"
"La Crosse,WI,City","La Crosse,WI","La Crosse","WI","mar_26","City"
"La Mesa,CA,City","La Mesa,CA","La Mesa","CA","mar_26","City"
"Lafayette,LA,City","Lafayette,LA","Lafayette","LA","mar_26","City"
"Laguna Niguel,CA,City","Laguna Niguel,CA","Laguna Niguel","CA","mar_26","City"
"Lake Charles,LA,City","Lake Charles,LA","Lake Charles","LA","mar_26","City"
"Lakeville,MN,City","Lakeville,MN","Lakeville","MN","mar_26","City"
"Lancaster,PA,City","Lancaster,PA","Lancaster","PA","mar_26","City"
"Lancaster,SC,County","Lancaster,SC","Lancaster","SC","mar_26","County"
"Lansing,MI,City","Lansing,MI","Lansing","MI","mar_26","City"
"Laredo,TX,City","Laredo,TX","Laredo","TX","mar_26","City"
"Las Vegas,NV,City","Las Vegas,NV","Las Vegas","NV","mar_26","City"
"Lawrence,MA,City","Lawrence,MA","Lawrence","MA","mar_26","City"
"Layton,UT,City","Layton,UT","Layton","UT","mar_26","City"
"League City,TX,City","League City,TX","League City","TX","mar_26","City"
"Leander,TX,City","Leander,TX","Leander","TX","mar_26","City"
"Lenexa,KS,City","Lenexa,KS","Lenexa","KS","mar_26","City"
"Lewisville,TX,City","Lewisville,TX","Lewisville","TX","mar_26","City"
"Lexington,KY,City","Lexington,KY","Lexington","KY","mar_26","City"
"Lexington,SC,County","Lexington,SC","Lexington","SC","mar_26","County"
"Lincoln,CA,City","Lincoln,CA","Lincoln","CA","mar_26","City"
"Lincoln,NE,City","Lincoln,NE","Lincoln","NE","mar_26","City"
"Little Elm,TX,City","Little Elm,TX","Little Elm","TX","mar_26","City"
"Little Rock,AR,City","Little Rock,AR","Little Rock","AR","mar_26","City"
"Livermore,CA,City","Livermore,CA","Livermore","CA","mar_26","City"
"Livingston,LA,County","Livingston,LA","Livingston","LA","mar_26","County"
"Livonia,MI,City","Livonia,MI","Livonia","MI","mar_26","City"
"Logan,UT,City","Logan,UT","Logan","UT","mar_26","City"
"Long Beach,CA,City","Long Beach,CA","Long Beach","CA","mar_26","City"
"Longview,TX,City","Longview,TX","Longview","TX","mar_26","City"
"Lorain,OH,City","Lorain,OH","Lorain","OH","mar_26","City"
"Los Angeles,CA,City","Los Angeles,CA","Los Angeles","CA","mar_26","City"
"Los Angeles,CA,County","Los Angeles,CA","Los Angeles","CA","mar_26","County"
"Loudoun,VA,County","Loudoun,VA","Loudoun","VA","mar_26","County"
"Louisville,KY,City","Louisville,KY","Louisville","KY","mar_26","City"
"Loveland,CO,City","Loveland,CO","Loveland","CO","mar_26","City"
"Lower Merion,PA,City","Lower Merion,PA","Lower Merion","PA","mar_26","City"
"Lower Paxton,PA,City","Lower Paxton,PA","Lower Paxton","PA","mar_26","City"
"Madera,CA,City","Madera,CA","Madera","CA","mar_26","City"
"Madison,WI,City","Madison,WI","Madison","WI","mar_26","City"
"Malden,MA,City","Malden,MA","Malden","MA","mar_26","City"
"Manchester,CT,City","Manchester,CT","Manchester","CT","mar_26","City"
"Manchester,NH,City","Manchester,NH","Manchester","NH","mar_26","City"
"Mansfield,TX,City","Mansfield,TX","Mansfield","TX","mar_26","City"
"Manteca,CA,City","Manteca,CA","Manteca","CA","mar_26","City"
"Maple Grove,MN,City","Maple Grove,MN","Maple Grove","MN","mar_26","City"
"Marana,AZ,City","Marana,AZ","Marana","AZ","mar_26","City"
"Maricopa,AZ,City","Maricopa,AZ","Maricopa","AZ","mar_26","City"
"Marietta,GA,City","Marietta,GA","Marietta","GA","mar_26","City"
"McAllen,TX,City","McAllen,TX","McAllen","TX","mar_26","City"
"Mckinney,TX,City","Mckinney,TX","Mckinney","TX","mar_26","City"
"Memphis,TN,City","Memphis,TN","Memphis","TN","mar_26","City"
"Merced,CA,City","Merced,CA","Merced","CA","mar_26","City"
"Meriden,CT,City","Meriden,CT","Meriden","CT","mar_26","City"
"Meridian,ID,City","Meridian,ID","Meridian","ID","mar_26","City"
"Mesa,AZ,City","Mesa,AZ","Mesa","AZ","mar_26","City"
"Mesquite,TX,City","Mesquite,TX","Mesquite","TX","mar_26","City"
"Methuen,MA,City","Methuen,MA","Methuen","MA","mar_26","City"
"Miami Beach,FL,City","Miami Beach,FL","Miami Beach","FL","mar_26","City"
"Midland,TX,City","Midland,TX","Midland","TX","mar_26","City"
"Midwest City,OK,City","Midwest City,OK","Midwest City","OK","mar_26","City"
"Millcreek,PA,City","Millcreek,PA","Millcreek","PA","mar_26","City"
"Milpitas,CA,City","Milpitas,CA","Milpitas","CA","mar_26","City"
"Minneapolis,MN,City","Minneapolis,MN","Minneapolis","MN","mar_26","City"
"Minnetonka,MN,City","Minnetonka,MN","Minnetonka","MN","mar_26","City"
"Mission Viejo,CA,City","Mission Viejo,CA","Mission Viejo","CA","mar_26","City"
"Missoula,MT,City","Missoula,MT","Missoula","MT","mar_26","City"
"Missouri City,TX,City","Missouri City,TX","Missouri City","TX","mar_26","City"
"Mobile,AL,City","Mobile,AL","Mobile","AL","mar_26","City"
"Monterey Park,CA,City","Monterey Park,CA","Monterey Park","CA","mar_26","City"
"Monterey,CA,County","Monterey,CA","Monterey","CA","mar_26","County"
"Montgomery,MD,County","Montgomery,MD","Montgomery","MD","mar_26","County"
"Moore,OK,City","Moore,OK","Moore","OK","mar_26","City"
"Mooresville,NC,City","Mooresville,NC","Mooresville","NC","mar_26","City"
"Mount Pleasant,SC,City","Mount Pleasant,SC","Mount Pleasant","SC","mar_26","City"
"Mount Prospect,IL,City","Mount Prospect,IL","Mount Prospect","IL","mar_26","City"
"Muncie,IN,City","Muncie,IN","Muncie","IN","mar_26","City"
"Murfreesboro,TN,City","Murfreesboro,TN","Murfreesboro","TN","mar_26","City"
"Murrieta,CA,City","Murrieta,CA","Murrieta","CA","mar_26","City"
"Napa,CA,City","Napa,CA","Napa","CA","mar_26","City"
"Nashville,TN,City","Nashville,TN","Nashville","TN","mar_26","City"
"National City,CA,City","National City,CA","National City","CA","mar_26","City"
"New Bedford,MA,City","New Bedford,MA","New Bedford","MA","mar_26","City"
"New Braunfels,TX,City","New Braunfels,TX","New Braunfels","TX","mar_26","City"
"New Britain,CT,City","New Britain,CT","New Britain","CT","mar_26","City"
"New Hanover,NC,County","New Hanover,NC","New Hanover","NC","mar_26","County"
"New Orleans,LA,City","New Orleans,LA","New Orleans","LA","mar_26","City"
"New Rochelle,NY,City","New Rochelle,NY","New Rochelle","NY","mar_26","City"
"New York City,NY,City","New York City,NY","New York City","NY","mar_26","City"
"Newark,NJ,City","Newark,NJ","Newark","NJ","mar_26","City"
"Newport Beach,CA,City","Newport Beach,CA","Newport Beach","CA","mar_26","City"
"Noblesville,IN,City","Noblesville,IN","Noblesville","IN","mar_26","City"
"Normal,IL,City","Normal,IL","Normal","IL","mar_26","City"
"North Bergen Township,NJ,City","North Bergen Township,NJ","North Bergen Township","NJ","mar_26","City"
"North Las Vegas,NV,City","North Las Vegas,NV","North Las Vegas","NV","mar_26","City"
"North Little Rock,AR,City","North Little Rock,AR","North Little Rock","AR","mar_26","City"
"North Richland Hills,TX,City","North Richland Hills,TX","North Richland Hills","TX","mar_26","City"
"Novi,MI,City","Novi,MI","Novi","MI","mar_26","City"
"O'Fallon,MO,City","O'Fallon,MO","O'Fallon","MO","mar_26","City"
"Oak Lawn,IL,City","Oak Lawn,IL","Oak Lawn","IL","mar_26","City"
"Oceanside,CA,City","Oceanside,CA","Oceanside","CA","mar_26","City"
"Odessa,TX,City","Odessa,TX","Odessa","TX","mar_26","City"
"Ogden,UT,City","Ogden,UT","Ogden","UT","mar_26","City"
"Oklahoma City,OK,City","Oklahoma City,OK","Oklahoma City","OK","mar_26","City"
"Omaha,NE,City","Omaha,NE","Omaha","NE","mar_26","City"
"Orem,UT,City","Orem,UT","Orem","UT","mar_26","City"
"Oshkosh,WI,City","Oshkosh,WI","Oshkosh","WI","mar_26","City"
"Owensboro,KY,City","Owensboro,KY","Owensboro","KY","mar_26","City"
"Oxnard,CA,City","Oxnard,CA","Oxnard","CA","mar_26","City"
"Palatine,IL,City","Palatine,IL","Palatine","IL","mar_26","City"
"Palo Alto,CA,City","Palo Alto,CA","Palo Alto","CA","mar_26","City"
"Parker,TX,County","Parker,TX","Parker","TX","mar_26","County"
"Pasadena,CA,City","Pasadena,CA","Pasadena","CA","mar_26","City"
"Pasadena,TX,City","Pasadena,TX","Pasadena","TX","mar_26","City"
"Paterson,NJ,City","Paterson,NJ","Paterson","NJ","mar_26","City"
"Paulding,GA,County","Paulding,GA","Paulding","GA","mar_26","County"
"Pawtucket,RI,City","Pawtucket,RI","Pawtucket","RI","mar_26","City"
"Peabody,MA,City","Peabody,MA","Peabody","MA","mar_26","City"
"Pearland,TX,City","Pearland,TX","Pearland","TX","mar_26","City"
"Petaluma,CA,City","Petaluma,CA","Petaluma","CA","mar_26","City"
"Pflugerville,TX,City","Pflugerville,TX","Pflugerville","TX","mar_26","City"
"Pharr,TX,City","Pharr,TX","Pharr","TX","mar_26","City"
"Philadelphia,PA,City","Philadelphia,PA","Philadelphia","PA","mar_26","City"
"Phoenix,AZ,City","Phoenix,AZ","Phoenix","AZ","mar_26","City"
"Pima,AZ,County","Pima,AZ","Pima","AZ","mar_26","County"
"Pinal,AZ,County","Pinal,AZ","Pinal","AZ","mar_26","County"
"Pittsburgh,PA,City","Pittsburgh,PA","Pittsburgh","PA","mar_26","City"
"Placer,CA,County","Placer,CA","Placer","CA","mar_26","County"
"Plano,TX,City","Plano,TX","Plano","TX","mar_26","City"
"Pleasanton,CA,City","Pleasanton,CA","Pleasanton","CA","mar_26","City"
"Plymouth,MA,City","Plymouth,MA","Plymouth","MA","mar_26","City"
"Plymouth,MN,City","Plymouth,MN","Plymouth","MN","mar_26","City"
"Pomona,CA,City","Pomona,CA","Pomona","CA","mar_26","City"
"Pontiac,MI,City","Pontiac,MI","Pontiac","MI","mar_26","City"
"Port Arthur,TX,City","Port Arthur,TX","Port Arthur","TX","mar_26","City"
"Port St Lucie,FL,City","Port St Lucie,FL","Port St Lucie","FL","mar_26","City"
"Porterville,CA,City","Porterville,CA","Porterville","CA","mar_26","City"
"Portland,OR,City","Portland,OR","Portland","OR","mar_26","City"
"Portsmouth,VA,City","Portsmouth,VA","Portsmouth","VA","mar_26","City"
"Prescott Valley,AZ,City","Prescott Valley,AZ","Prescott Valley","AZ","mar_26","City"
"Prince George's,MD,County","Prince George's,MD","Prince George's","MD","mar_26","County"
"Quincy,MA,City","Quincy,MA","Quincy","MA","mar_26","City"
"Racine,WI,City","Racine,WI","Racine","WI","mar_26","City"
"Raleigh,NC,City","Raleigh,NC","Raleigh","NC","mar_26","City"
"Rapid City,SD,City","Rapid City,SD","Rapid City","SD","mar_26","City"
"Reading,PA,City","Reading,PA","Reading","PA","mar_26","City"
"Redondo Beach,CA,City","Redondo Beach,CA","Redondo Beach","CA","mar_26","City"
"Redwood City,CA,City","Redwood City,CA","Redwood City","CA","mar_26","City"
"Revere,MA,City","Revere,MA","Revere","MA","mar_26","City"
"Richardson,TX,City","Richardson,TX","Richardson","TX","mar_26","City"
"Richland,WA,City","Richland,WA","Richland","WA","mar_26","City"
"Richmond,CA,City","Richmond,CA","Richmond","CA","mar_26","City"
"Richmond,VA,City","Richmond,VA","Richmond","VA","mar_26","City"
"Riverside,CA,City","Riverside,CA","Riverside","CA","mar_26","City"
"Roanoke,VA,City","Roanoke,VA","Roanoke","VA","mar_26","City"
"Rochester Hills,MI,City","Rochester Hills,MI","Rochester Hills","MI","mar_26","City"
"Rochester,MN,City","Rochester,MN","Rochester","MN","mar_26","City"
"Rochester,NY,City","Rochester,NY","Rochester","NY","mar_26","City"
"Rock Hill,SC,City","Rock Hill,SC","Rock Hill","SC","mar_26","City"
"Rockford,IL,City","Rockford,IL","Rockford","IL","mar_26","City"
"Rocklin,CA,City","Rocklin,CA","Rocklin","CA","mar_26","City"
"Rockwall,TX,City","Rockwall,TX","Rockwall","TX","mar_26","City"
"Rocky Mount,NC,City","Rocky Mount,NC","Rocky Mount","NC","mar_26","City"
"Roseville,CA,City","Roseville,CA","Roseville","CA","mar_26","City"
"Roswell,GA,City","Roswell,GA","Roswell","GA","mar_26","City"
"Round Rock,TX,City","Round Rock,TX","Round Rock","TX","mar_26","City"
"Rowlett,TX,City","Rowlett,TX","Rowlett","TX","mar_26","City"
"Royal Oak,MI,City","Royal Oak,MI","Royal Oak","MI","mar_26","City"
"Rutherford,TN,County","Rutherford,TN","Rutherford","TN","mar_26","County"
"Sacramento,CA,City","Sacramento,CA","Sacramento","CA","mar_26","City"
"Sacramento,CA,County","Sacramento,CA","Sacramento","CA","mar_26","County"
"Salem,OR,City","Salem,OR","Salem","OR","mar_26","City"
"San Angelo,TX,City","San Angelo,TX","San Angelo","TX","mar_26","City"
"San Antonio,TX,City","San Antonio,TX","San Antonio","TX","mar_26","City"
"San Diego,CA,City","San Diego,CA","San Diego","CA","mar_26","City"
"San Diego,CA,County","San Diego,CA","San Diego","CA","mar_26","County"
"San Francisco,CA,City","San Francisco,CA","San Francisco","CA","mar_26","City"
"San Jose,CA,City","San Jose,CA","San Jose","CA","mar_26","City"
"San Marcos,TX,City","San Marcos,TX","San Marcos","TX","mar_26","City"
"San Mateo,CA,City","San Mateo,CA","San Mateo","CA","mar_26","City"
"San Mateo,CA,County","San Mateo,CA","San Mateo","CA","mar_26","County"
"San Rafael,CA,City","San Rafael,CA","San Rafael","CA","mar_26","City"
"Santa Clara,CA,City","Santa Clara,CA","Santa Clara","CA","mar_26","City"
"Santa Cruz,CA,County","Santa Cruz,CA","Santa Cruz","CA","mar_26","County"
"Santa Fe,NM,City","Santa Fe,NM","Santa Fe","NM","mar_26","City"
"Santa Maria,CA,City","Santa Maria,CA","Santa Maria","CA","mar_26","City"
"Santa Monica,CA,City","Santa Monica,CA","Santa Monica","CA","mar_26","City"
"Santa Rosa,CA,City","Santa Rosa,CA","Santa Rosa","CA","mar_26","City"
"Sarasota,FL,County","Sarasota,FL","Sarasota","FL","mar_26","County"
"Saratoga Springs,UT,City","Saratoga Springs,UT","Saratoga Springs","UT","mar_26","City"
"Saratoga,NY,County","Saratoga,NY","Saratoga","NY","mar_26","County"
"Sarpy,NE,County","Sarpy,NE","Sarpy","NE","mar_26","County"
"Schaumburg,IL,City","Schaumburg,IL","Schaumburg","IL","mar_26","City"
"Scranton,PA,City","Scranton,PA","Scranton","PA","mar_26","City"
"Seattle,WA,City","Seattle,WA","Seattle","WA","mar_26","City"
"Shawnee,KS,City","Shawnee,KS","Shawnee","KS","mar_26","City"
"Shelby Township,MI,City","Shelby Township,MI","Shelby Township","MI","mar_26","City"
"Shelby,TN,County","Shelby,TN","Shelby","TN","mar_26","County"
"Shreveport,LA,City","Shreveport,LA","Shreveport","LA","mar_26","City"
"Simi Valley,CA,City","Simi Valley,CA","Simi Valley","CA","mar_26","City"
"Sioux City,IA,City","Sioux City,IA","Sioux City","IA","mar_26","City"
"Skokie,IL,City","Skokie,IL","Skokie","IL","mar_26","City"
"Smith,TX,County","Smith,TX","Smith","TX","mar_26","County"
"Smyrna,TN,City","Smyrna,TN","Smyrna","TN","mar_26","City"
"Sonoma,CA,County","Sonoma,CA","Sonoma","CA","mar_26","County"
"South Bend,IN,City","South Bend,IN","South Bend","IN","mar_26","City"
"South Jordan,UT,City","South Jordan,UT","South Jordan","UT","mar_26","City"
"South San Francisco,CA,City","South San Francisco,CA","South San Francisco","CA","mar_26","City"
"Southaven,MS,City","Southaven,MS","Southaven","MS","mar_26","City"
"Southfield,MI,City","Southfield,MI","Southfield","MI","mar_26","City"
"Sparks,NV,City","Sparks,NV","Sparks","NV","mar_26","City"
"Spokane Valley,WA,City","Spokane Valley,WA","Spokane Valley","WA","mar_26","City"
"Spring Hill,TN,City","Spring Hill,TN","Spring Hill","TN","mar_26","City"
"Springfield,IL,City","Springfield,IL","Springfield","IL","mar_26","City"
"Springfield,MO,City","Springfield,MO","Springfield","MO","mar_26","City"
"Springfield,OR,City","Springfield,OR","Springfield","OR","mar_26","City"
"St Charles,MO,City","St Charles,MO","St Charles","MO","mar_26","City"
"St Joseph,MO,City","St Joseph,MO","St Joseph","MO","mar_26","City"
"St Louis,MO,City","St Louis,MO","St Louis","MO","mar_26","City"
"St Louis,MO,County","St Louis,MO","St Louis","MO","mar_26","County"
"St Peters,MO,City","St Peters,MO","St Peters","MO","mar_26","City"
"St. Clair Shores,MI,City","St. Clair Shores,MI","St. Clair Shores","MI","mar_26","City"
"St. Cloud,MN,City","St. Cloud,MN","St. Cloud","MN","mar_26","City"
"St. George,UT,City","St. George,UT","St. George","UT","mar_26","City"
"St. Mary's,MD,County","St. Mary's,MD","St. Mary's","MD","mar_26","County"
"St. Paul,MN,City","St. Paul,MN","St. Paul","MN","mar_26","City"
"Stamford,CT,City","Stamford,CT","Stamford","CT","mar_26","City"
"Stark,OH,County","Stark,OH","Stark","OH","mar_26","County"
"State College,PA,City","State College,PA","State College","PA","mar_26","City"
"Sterling Heights,MI,City","Sterling Heights,MI","Sterling Heights","MI","mar_26","City"
"Stockton,CA,City","Stockton,CA","Stockton","CA","mar_26","City"
"Stratford,CT,City","Stratford,CT","Stratford","CT","mar_26","City"
"Sugar Land,TX,City","Sugar Land,TX","Sugar Land","TX","mar_26","City"
"Taunton,MA,City","Taunton,MA","Taunton","MA","mar_26","City"
"Taylor,MI,City","Taylor,MI","Taylor","MI","mar_26","City"
"Tempe,AZ,City","Tempe,AZ","Tempe","AZ","mar_26","City"
"Texas City,TX,City","Texas City,TX","Texas City","TX","mar_26","City"
"Thornton,CO,City","Thornton,CO","Thornton","CO","mar_26","City"
"Thousand Oaks,CA,City","Thousand Oaks,CA","Thousand Oaks","CA","mar_26","City"
"Tigard,OR,City","Tigard,OR","Tigard","OR","mar_26","City"
"Tinley Park,IL,City","Tinley Park,IL","Tinley Park","IL","mar_26","City"
"Torrance,CA,City","Torrance,CA","Torrance","CA","mar_26","City"
"Tracy,CA,City","Tracy,CA","Tracy","CA","mar_26","City"
"Travis,TX,County","Travis,TX","Travis","TX","mar_26","County"
"Troy,MI,City","Troy,MI","Troy","MI","mar_26","City"
"Tucson,AZ,City","Tucson,AZ","Tucson","AZ","mar_26","City"
"Tulare,CA,City","Tulare,CA","Tulare","CA","mar_26","City"
"Tulsa,OK,City","Tulsa,OK","Tulsa","OK","mar_26","City"
"Twin Falls,ID,City","Twin Falls,ID","Twin Falls","ID","mar_26","City"
"Tyler,TX,City","Tyler,TX","Tyler","TX","mar_26","City"
"Upper Darby,PA,City","Upper Darby,PA","Upper Darby","PA","mar_26","City"
"Utica,NY,City","Utica,NY","Utica","NY","mar_26","City"
"Vallejo,CA,City","Vallejo,CA","Vallejo","CA","mar_26","City"
"Ventura,CA,City","Ventura,CA","Ventura","CA","mar_26","City"
"Victoria,TX,City","Victoria,TX","Victoria","TX","mar_26","City"
"Visalia,CA,City","Visalia,CA","Visalia","CA","mar_26","City"
"Waco,TX,City","Waco,TX","Waco","TX","mar_26","City"
"Wake Forest,NC,City","Wake Forest,NC","Wake Forest","NC","mar_26","City"
"Wake,NC,County","Wake,NC","Wake","NC","mar_26","County"
"Waltham,MA,City","Waltham,MA","Waltham","MA","mar_26","City"
"Warner Robins,GA,City","Warner Robins,GA","Warner Robins","GA","mar_26","City"
"Warren,MI,City","Warren,MI","Warren","MI","mar_26","City"
"Warwick,RI,City","Warwick,RI","Warwick","RI","mar_26","City"
"Washington,DC,City","Washington,DC","Washington","DC","mar_26","City"
"Washington,MD,County","Washington,MD","Washington","MD","mar_26","County"
"Washington,OR,County","Washington,OR","Washington","OR","mar_26","County"
"Washoe,NV,County","Washoe,NV","Washoe","NV","mar_26","County"
"Washtenaw,MI,County","Washtenaw,MI","Washtenaw","MI","mar_26","County"
"Waterbury,CT,City","Waterbury,CT","Waterbury","CT","mar_26","City"
"Waterford Township,MI,City","Waterford Township,MI","Waterford Township","MI","mar_26","City"
"Waterloo,IA,City","Waterloo,IA","Waterloo","IA","mar_26","City"
"Waukesha,WI,City","Waukesha,WI","Waukesha","WI","mar_26","City"
"West Bloomfield Township,MI,City","West Bloomfield Township,MI","West Bloomfield Township","MI","mar_26","City"
"West Chester Township,OH,City","West Chester Township,OH","West Chester Township","OH","mar_26","City"
"West Covina,CA,City","West Covina,CA","West Covina","CA","mar_26","City"
"West Des Moines,IA,City","West Des Moines,IA","West Des Moines","IA","mar_26","City"
"West Hartford,CT,City","West Hartford,CT","West Hartford","CT","mar_26","City"
"West Haven,CT,City","West Haven,CT","West Haven","CT","mar_26","City"
"West Jordan,UT,City","West Jordan,UT","West Jordan","UT","mar_26","City"
"West New York,NJ,City","West New York,NJ","West New York","NJ","mar_26","City"
"West Valley,UT,City","West Valley,UT","West Valley","UT","mar_26","City"
"Westfield,IN,City","Westfield,IN","Westfield","IN","mar_26","City"
"Westland,MI,City","Westland,MI","Westland","MI","mar_26","City"
"Westminster,CA,City","Westminster,CA","Westminster","CA","mar_26","City"
"Westminster,CO,City","Westminster,CO","Westminster","CO","mar_26","City"
"Weymouth,MA,City","Weymouth,MA","Weymouth","MA","mar_26","City"
"Wichita Falls,TX,City","Wichita Falls,TX","Wichita Falls","TX","mar_26","City"
"Will,IL,County","Will,IL","Will","IL","mar_26","County"
"Williamson,TX,County","Williamson,TX","Williamson","TX","mar_26","County"
"Wilmington,NC,City","Wilmington,NC","Wilmington","NC","mar_26","City"
"Woodbury,MN,City","Woodbury,MN","Woodbury","MN","mar_26","City"
"Wright,MN,County","Wright,MN","Wright","MN","mar_26","County"
"Wyoming,MI,City","Wyoming,MI","Wyoming","MI","mar_26","City"
"Yorba Linda,CA,City","Yorba Linda,CA","Yorba Linda","CA","mar_26","City"
"Yuma,AZ,City","Yuma,AZ","Yuma","AZ","mar_26","City"
